date,scorexcomp
2017-08-19,19.0875
2017-08-19,9.01705
2017-08-19,6.0113666666666665
2017-08-19,4.603974999999999
2017-08-19,3.9465199999999996
2017-08-19,3.5030333333333328
2017-08-19,3.1012857142857135
2017-08-19,2.8132999999999995
2017-08-19,2.5007111111111104
2017-08-19,2.3010399999999995
2017-08-19,2.166363636363636
2017-08-19,1.8929333333333334
2017-08-19,0.9342769230769229
2017-08-19,0.7879142857142856
2017-08-19,0.7353866666666665
2017-08-19,0.8353562499999998
2017-08-19,1.1237
2017-08-19,1.0612722222222222
2017-08-19,1.0054157894736842
2017-08-19,0.9551449999999999
2017-08-19,0.8566761904761904
2017-08-19,0.8177363636363636
2017-08-19,0.8122173913043477
2017-08-19,0.7617916666666665
2017-08-19,0.7174399999999999
2017-08-19,0.7262961538461538
2017-08-19,0.7165296296296295
2017-08-19,0.6909392857142855
2017-08-19,0.48996551724137916
2017-08-19,0.4736333333333332
2017-08-19,0.4882483870967741
2017-08-19,0.5120468749999999
2017-08-19,0.5051545454545454
2017-08-19,0.47437647058823523
2017-08-19,0.4413942857142857
2017-08-19,0.48073333333333335
2017-08-19,0.4898918918918919
2017-08-19,0.5084315789473685
2017-08-19,0.47777948717948715
2017-08-19,0.49471999999999994
2017-08-19,0.5364414634146342
2017-08-19,0.5591190476190476
2017-08-19,0.5461162790697675
2017-08-19,0.56095
2017-08-19,0.5869644444444444
2017-08-19,0.5758826086956522
2017-08-19,0.5790000000000001
2017-08-19,0.6021
2017-08-19,0.598069387755102
2017-08-19,0.5822759999999999
2017-08-19,0.5708588235294118
2017-08-19,0.5598807692307692
2017-08-19,0.5673056603773584
2017-08-19,0.5816
2017-08-19,0.5902636363636364
2017-08-19,0.6156
2017-08-19,0.6274526315789475
2017-08-19,0.6166344827586209
2017-08-19,0.5907796610169493
2017-08-19,0.6256333333333335
2017-08-19,0.609049180327869
2017-08-19,0.599225806451613
2017-08-19,0.6975428571428572
2017-08-19,0.7938750000000001
2017-08-19,0.7816615384615385
2017-08-19,0.7877363636363638
2017-08-19,0.7813701492537314
2017-08-19,0.7317441176470588
2017-08-19,0.7119710144927537
2017-08-19,0.7010628571428572
2017-08-19,0.7009760563380282
2017-08-19,0.6820625
2017-08-19,0.6727191780821917
2017-08-19,0.6756905405405406
2017-08-19,0.6777053333333334
2017-08-19,0.6687881578947369
2017-08-19,0.6655558441558441
2017-08-19,0.6597717948717948
2017-08-19,0.6593050632911392
2017-08-19,0.64736375
2017-08-19,0.651479012345679
2017-08-19,0.6528268292682926
2017-08-19,0.6509975903614457
2017-08-19,0.643247619047619
2017-08-19,0.6456047058823529
2017-08-19,0.6278674418604651
2017-08-19,0.6206505747126436
2017-08-19,0.6135977272727272
2017-08-19,0.6014359550561796
2018-09-14,0.5947533333333332
2018-09-14,0.6177197802197801
2018-09-14,0.6005434782608695
2018-09-14,0.5769376344086021
2018-09-14,0.6016999999999999
2018-09-14,0.6036947368421053
2018-09-14,0.6179041666666666
2018-09-14,0.6269824742268041
2018-09-14,0.6642785714285714
2018-09-14,0.6982050505050504
2018-09-14,0.6743389999999999
2018-09-14,0.6506752475247525
2018-09-14,0.6442960784313725
2018-09-14,0.6466213592233009
2018-09-14,0.640403846153846
2018-09-14,0.6309161904761904
2018-09-14,0.6878716981132074
2018-09-14,0.6814429906542054
2018-09-14,0.6709425925925925
2018-09-14,0.6766605504587154
2018-09-14,0.7009590909090908
2018-09-14,0.7072621621621621
2018-09-14,0.6937089285714285
2018-09-14,0.7032477876106195
2018-09-14,0.7198289473684211
2018-09-14,0.7262704347826088
2018-09-14,0.7138672413793103
2018-09-14,0.625782905982906
2018-09-14,0.606664406779661
2018-09-14,0.6174873949579831
2018-09-14,0.5915866666666666
2018-09-14,0.6249661157024793
2018-09-14,0.6198434426229508
2018-09-14,0.6489991869918699
2018-09-14,0.646966129032258
2018-09-14,0.6350423999999999
2018-09-14,0.6081547619047619
2018-09-14,0.6106629921259842
2018-09-14,0.6340312499999999
2018-09-14,0.6071131782945737
2018-09-14,0.6089276923076923
2018-09-14,0.6042793893129771
2018-09-14,0.6113060606060606
2018-09-14,0.6208045112781956
2018-09-14,0.6235432835820895
2018-09-14,0.6536444444444445
2018-09-14,0.6488382352941177
2018-09-14,0.644102189781022
2018-09-14,0.6459086956521739
2018-09-14,0.6412618705035972
2018-09-14,0.6325964285714286
2018-09-14,0.6343992907801418
2018-09-14,0.6218767605633803
2018-09-14,0.6263706293706294
2018-09-14,0.6232111111111112
2018-09-14,0.6128758620689655
2018-11-27,0.6110068493150685
2018-11-27,0.6068503401360544
2018-11-27,0.6107445945945946
2018-11-27,0.6084543624161074
2018-11-27,0.6056713333333333
2018-11-27,0.6049311258278146
2018-11-27,0.6061907894736842
2018-11-27,0.6089032679738562
2018-11-27,0.6027415584415584
2018-11-27,0.5813045161290322
2018-11-27,0.5977839743589743
2018-11-27,0.6071738853503185
2018-11-27,0.6057563291139241
2018-11-27,0.6019465408805031
2018-11-27,0.6023075
2018-11-28,0.6044552795031056
2018-11-28,0.6003611111111111
2018-11-28,0.5966779141104295
2018-11-28,0.611875
2018-11-29,0.6072387878787879
2018-11-29,0.6035807228915663
2018-11-29,0.6053520958083832
2018-11-29,0.6017488095238095
2018-11-29,0.5981881656804734
2018-11-29,0.6047794117647058
2018-11-29,0.6084532163742691
2018-11-29,0.6070156976744187
2018-11-29,0.6153127167630058
2018-11-29,0.6117764367816092
2018-11-29,0.6082805714285714
2018-11-30,0.6017431818181819
2018-11-30,0.5983435028248588
2018-11-30,0.5918505617977529
2018-11-30,0.5838525139664805
2018-11-30,0.5700933333333335
2018-11-30,0.5701033149171272
2018-11-30,0.5652576923076923
2018-11-30,0.5574207650273224
2018-11-30,0.5558326086956522
2018-11-30,0.5552086486486486
2018-11-30,0.5496510752688172
2018-11-30,0.5467117647058823
2018-11-30,0.5438037234042553
2018-11-30,0.5443582010582011
2018-11-30,0.5414931578947368
2018-11-30,0.5470602094240837
2018-11-30,0.5411958333333333
2018-11-30,0.5416917098445596
2018-11-30,0.5435082474226803
2018-11-30,0.5407210256410255
2018-11-30,0.5426438775510203
2018-11-30,0.5398893401015228
2018-11-30,0.5371626262626261
2018-11-30,0.5300371859296482
2018-11-30,0.5255249999999999
2018-11-30,0.5274616915422885
2018-11-30,0.5233851485148514
2018-11-30,0.5147802955665024
2018-11-30,0.511717156862745
2018-12-01,0.513600975609756
2018-12-01,0.5111077669902913
2018-12-01,0.5058512077294686
2018-12-01,0.5034192307692307
2018-12-01,0.5018143540669856
2018-12-01,0.49535095238095234
2018-12-01,0.4970971563981042
2018-12-01,0.5452316037735848
2018-12-01,0.5394793427230046
2018-12-01,0.5316135514018691
2018-12-01,0.5362441860465115
2018-12-01,0.4897310185185184
2018-12-01,0.487474193548387
2018-12-01,0.4852380733944953
2018-12-01,0.48879634703196334
2018-12-01,0.48657454545454537
2018-12-01,0.47960633484162885
2018-12-01,0.47132972972972964
2018-12-01,0.4637237668161434
2018-12-01,0.46449464285714276
2018-12-01,0.4639884444444443
2018-12-01,0.4607287610619468
2018-12-01,0.45700748898678406
2018-12-01,0.4533285087719297
2018-12-01,0.45396637554585145
2018-12-01,0.4270147826086956
2018-12-01,0.4385688311688311
2018-12-01,0.4401112068965517
2018-12-01,0.4382223175965665
2018-12-01,0.444111111111111
2018-12-01,0.44265829787234034
2018-12-01,0.4412919491525423
2018-12-02,0.4394299578059071
2018-12-02,0.43683613445378144
2018-12-02,0.4043234309623431
2018-12-02,0.3954725
2018-12-02,0.40441369294605806
2018-12-02,0.40578016528925615
2018-12-02,0.405998353909465
2018-12-02,0.4039799180327868
2018-12-02,0.40181673469387746
2018-12-02,0.4001833333333333
2018-12-02,0.40984898785425095
2018-12-02,0.4157943548387096
2018-12-02,0.41792329317269067
2018-12-02,0.4080819999999999
2018-12-02,0.4047525896414341
2018-12-03,0.4223567460317459
2018-12-03,0.420382213438735
2018-12-03,0.4187271653543306
2018-12-03,0.4170850980392155
2018-12-03,0.41545585937499985
2018-12-03,0.43026926070038896
2018-12-03,0.42648372093023235
2018-12-03,0.42089420849420833
2018-12-03,0.42490769230769215
2018-12-03,0.4266819923371646
2018-12-03,0.4194358778625953
2018-12-03,0.4144646387832698
2018-12-03,0.4110681818181816
2018-12-03,0.4095169811320753
2018-12-03,0.4079774436090224
2018-12-03,0.3985808988764043
2018-12-03,0.3994216417910446
2018-12-03,0.39793680297397754
2018-12-03,0.3949744444444443
2018-12-03,0.3888974169741696
2018-12-03,0.3887955882352939
2018-12-03,0.3739120879120877
2018-12-04,0.3582317518248173
2018-12-04,0.3569290909090907
2018-12-04,0.35841557971014476
2018-12-04,0.356749097472924
2018-12-04,0.35766870503597104
2018-12-04,0.3584867383512543
2018-12-04,0.35720642857142837
2018-12-04,0.3703512455516012
2018-12-04,0.3806826241134749
2018-12-04,0.37933745583038847
2018-12-04,0.37918661971830964
2018-12-04,0.37785614035087695
2018-12-04,0.386901748251748
2018-12-04,0.39695087108013916
2018-12-04,0.39439201388888867
2018-12-04,0.3930273356401382
2018-12-04,0.39193827586206875
2018-12-04,0.3916848797250857
2018-12-04,0.39400102739726006
2018-12-04,0.3932634812286687
2018-12-04,0.4136942176870746
2018-12-04,0.41731457627118623
2018-12-04,0.4159047297297295
2018-12-04,0.40438855218855196
2018-12-04,0.3856194630872481
2018-12-04,0.3843297658862874
2018-12-04,0.3833059999999998
2018-12-04,0.3847136212624583
2018-12-04,0.38343973509933754
2018-12-04,0.38514125412541234
2018-12-05,0.3845499999999998
2018-12-05,0.38643508196721293
2018-12-05,0.385172222222222
2018-12-05,0.38773452768729627
2018-12-05,0.38731850649350635
2018-12-05,0.38606504854368917
2018-12-06,0.38187258064516116
2018-12-06,0.38474051446945323
2018-12-06,0.3778814102564101
2018-12-06,0.37386006389776344
2018-12-06,0.37132707006369414
2018-12-06,0.37014825396825385
2018-12-06,0.36897689873417705
2018-12-06,0.3692022082018926
2018-12-06,0.3692955974842766
2018-12-06,0.3769191222570531
2018-12-06,0.3757412499999998
2018-12-06,0.37457071651090323
2018-12-06,0.3829937888198756
2018-12-06,0.3837798761609905
2018-12-06,0.38259537037037017
2018-12-06,0.38343107692307676
2018-12-06,0.3789279141104293
2018-12-06,0.3819079510703362
2018-12-06,0.3808222560975608
2018-12-06,0.3779085106382977
2018-12-06,0.3767633333333332
2018-12-06,0.3945616314199394
2018-12-06,0.389182831325301
2018-12-06,0.3880141141141139
2018-12-06,0.39213383233532917
2018-12-06,0.39096328358208937
2018-12-06,0.39169523809523793
2018-12-06,0.38992403560830846
2018-12-06,0.3878946745562129
2018-12-06,0.3879359882005899
2018-12-06,0.38530882352941165
2018-12-06,0.38333958944281515
2018-12-06,0.3822187134502923
2018-12-06,0.38110437317784246
2018-12-06,0.3799965116279069
2018-12-06,0.37896985507246367
2018-12-06,0.3763988439306357
2018-12-06,0.37531412103746387
2018-12-06,0.37423563218390793
2018-12-06,0.3731633237822348
2018-12-06,0.37209714285714274
2018-12-06,0.3747327635327634
2018-12-06,0.3764923295454544
2018-12-07,0.3812966005665721
2018-12-07,0.3814980225988699
2018-12-07,0.3898442253521125
2018-12-07,0.3887491573033706
2018-12-07,0.3876602240896357
2018-12-07,0.3874662011173183
2018-12-07,0.38638690807799425
2018-12-07,0.38531361111111095
2018-12-07,0.38424626038781146
2018-12-07,0.3895129834254141
2018-12-07,0.39631928374655623
2018-12-07,0.3952304945054943
2018-12-07,0.41193726027397237
2018-12-07,0.41240573770491784
2018-12-07,0.4124305177111715
2018-12-07,0.4113097826086955
2018-12-07,0.40568292682926815
2018-12-07,0.40743243243243227
2018-12-07,0.40582884097035027
2018-12-07,0.40621612903225796
2018-12-07,0.4051270777479892
2018-12-07,0.4080056149732619
2018-12-07,0.4062197333333332
2018-12-07,0.40513936170212755
2018-12-07,0.404064721485411
2018-12-07,0.40279629629629615
2018-12-07,0.410282321899736
2018-12-07,0.40920263157894726
2018-12-07,0.4081286089238844
2018-12-09,0.4093659685863873
2018-12-09,0.4111289817232375
2018-12-09,0.4108869791666665
2018-12-10,0.4082820779220777
2018-12-10,0.40722435233160603
2018-12-10,0.4077984496124029
2018-12-10,0.4067474226804122
2018-12-10,0.405701799485861
2018-12-10,0.4092869230769229
2018-12-10,0.3962363171355497
2018-12-10,0.39317499999999983
2018-12-10,0.39230585241730265
2018-12-10,0.38813756345177647
2018-12-10,0.37598658227848086
2018-12-10,0.37503712121212107
2018-12-10,0.3740924433249369
2018-12-10,0.37315251256281395
2018-12-10,0.37221729323308256
2018-12-10,0.37291524999999986
2018-12-10,0.3702024937655859
2018-12-10,0.3692815920398009
2018-12-10,0.37303200992555813
2018-12-10,0.3727472772277226
2018-12-10,0.3716133333333332
2018-12-10,0.3706980295566501
2018-12-10,0.373974447174447
2018-12-10,0.3730578431372547
2018-12-10,0.37214572127139345
2018-12-10,0.3710492682926827
2018-12-10,0.3836116788321166
2018-12-10,0.3690298543689318
2018-12-10,0.3681363196125906
2018-12-10,0.36724710144927514
2018-12-10,0.3663621686746986
2018-12-10,0.37365456730769214
2018-12-10,0.37275851318944825
2018-12-10,0.3718667464114831
2018-12-10,0.36886801909307854
2018-12-10,0.3672849999999998
2018-12-10,0.366412589073634
2018-12-10,0.36554431279620836
2018-12-10,0.36468014184397146
2018-12-10,0.36382004716981114
2018-12-10,0.3639096470588234
2018-12-10,0.3620659624413144
2018-12-10,0.36057822014051505
2018-12-10,0.3604792056074764
2018-12-10,0.36049673659673637
2018-12-10,0.35965837209302304
2018-12-10,0.3588238979118327
2018-12-10,0.3579932870370368
2018-12-10,0.35716651270207833
2018-12-10,0.3563435483870966
2018-12-10,0.3576135632183906
2018-12-10,0.35679334862385303
2018-12-10,0.3559697940503431
2018-12-10,0.3576333333333332
2018-12-10,0.3591448747152618
2018-12-10,0.35981749999999985
2018-12-10,0.3574473922902493
2018-12-10,0.3561221719457012
2018-12-10,0.354036343115124
2018-12-10,0.3521653153153152
2018-12-10,0.3512770786516852
2018-12-10,0.3504894618834079
2018-12-10,0.3506483221476509
2018-12-10,0.35052633928571414
2018-12-10,0.34927906458797314
2018-12-10,0.34887066666666655
2018-12-10,0.3459831485587582
2018-12-11,0.3173694690265486
2018-12-11,0.31771832229580566
2018-12-11,0.3132242290748898
2018-12-11,0.2990404395604395
2018-12-11,0.29942938596491225
2018-12-11,0.326591466083151
2018-12-11,0.32683995633187773
2018-12-11,0.32751437908496733
2018-12-11,0.3302971739130435
2018-12-11,0.3430631236442516
2018-12-11,0.35355173160173153
2018-12-11,0.3541889848812094
2018-12-11,0.36101874999999994
2018-12-11,0.3651120430107526
2018-12-11,0.36366952789699564
2018-12-11,0.3648488222698072
2018-12-11,0.36534529914529906
2018-12-11,0.37239232409381656
2018-12-11,0.3776670212765956
2018-12-11,0.37686518046709117
2018-12-11,0.40377860169491514
2018-12-11,0.4029249471458773
2018-12-11,0.4126217299578058
2018-12-11,0.4179204210526315
2018-12-11,0.4212682773109243
2018-12-11,0.4254605870020963
2018-12-11,0.4273721757322175
2018-12-11,0.43150041753653434
2018-12-11,0.4339414583333332
2018-12-11,0.4339155925155924
2018-12-11,0.43301535269709535
2018-12-11,0.43233146997929595
2018-12-11,0.4311564049586776
2018-12-11,0.43026742268041224
2018-12-11,0.42964547325102864
2018-12-11,0.4287632443531826
2018-12-11,0.44124692622950806
2018-12-11,0.4389539877300612
2018-12-11,0.438058163265306
2018-12-11,0.4405533604887982
2018-12-11,0.43965792682926813
2018-12-11,0.4406999999999998
2018-12-11,0.4398078947368419
2018-12-11,0.43754565656565636
2018-12-11,0.43378024193548365
2018-12-11,0.42788772635814865
2018-12-11,0.42702851405622466
2018-12-11,0.42951663326653283
2018-12-11,0.4315093999999998
2018-12-11,0.4319846307385228
2018-12-11,0.43112410358565717
2018-12-11,0.43026699801192825
2018-12-11,0.43082123015873
2018-12-11,0.43148079207920775
2018-12-11,0.4264122529644267
2018-12-11,0.42557120315581837
2018-12-11,0.42513169291338565
2018-12-11,0.424445776031434
2018-12-11,0.42361352941176456
2018-12-11,0.4243540117416828
2018-12-11,0.42362597656249984
2018-12-11,0.4229510721247562
2018-12-11,0.4195087548638131
2018-12-11,0.4184720388349514
2018-12-11,0.4204455426356588
2018-12-11,0.42123210831721464
2018-12-11,0.4218610038610038
2018-12-12,0.42178381502890167
2018-12-12,0.42097269230769224
2018-12-12,0.41995316698656426
2018-12-12,0.42017279693486587
2018-12-12,0.4193694072657744
2018-12-12,0.41969885496183207
2018-12-12,0.4188994285714286
2018-12-12,0.41810304182509506
2018-12-12,0.4183464895635674
2018-12-12,0.41755416666666667
2018-12-12,0.41781852551984877
2018-12-12,0.4187315094339623
2018-12-12,0.41925612052730704
2018-12-12,0.4187086466165414
2018-12-12,0.41711050656660414
2018-12-12,0.4163294007490637
2018-12-12,0.4158398130841122
2018-12-12,0.4178169776119403
2018-12-12,0.42031210428305404
2018-12-12,0.4195308550185874
2018-12-12,0.42332319109461974
2018-12-12,0.42068740740740745
2018-12-12,0.4213380776340111
2018-12-12,0.4223380073800738
2018-12-13,0.42619337016574593
2018-12-13,0.42737996323529415
2018-12-13,0.4265957798165138
2018-12-13,0.425289010989011
2018-12-13,0.42409780621572213
2018-12-13,0.4233239051094891
2018-12-13,0.42292131147540984
2018-12-13,0.41975018181818186
2018-12-13,0.42138620689655176
2018-12-13,0.42062282608695656
2018-12-13,0.4198622061482821
2018-12-13,0.41982978339350185
2018-12-13,0.42066486486486493
2018-12-13,0.42156600719424464
2018-12-13,0.4219310592459605
2018-12-13,0.42117491039426525
2018-12-13,0.42153935599284437
2018-12-13,0.42078660714285715
2018-12-13,0.4200365418894831
2018-12-13,0.4165667259786477
2018-12-13,0.41582682060390763
2018-12-13,0.4150895390070922
2018-12-13,0.41316814159292037
2018-12-13,0.4129180212014134
2018-12-13,0.4121897707231041
2018-12-13,0.4125404929577465
2018-12-13,0.41393444639718807
2018-12-13,0.41320824561403513
2018-12-13,0.412484588441331
2018-12-13,0.41176346153846155
2018-12-13,0.4110448516579407
2018-12-13,0.40907717770034846
2018-12-13,0.4083657391304348
2018-12-13,0.41158038194444446
2018-12-13,0.4108670710571924
2018-12-15,0.4096441176470588
2018-12-15,0.40893661485319516
2018-12-15,0.40823155172413794
2018-12-15,0.4077065404475043
2018-12-15,0.4076237113402062
2018-12-15,0.40254545454545454
2018-12-15,0.4034520547945205
2018-12-15,0.4018353846153846
2018-12-15,0.4011496587030716
2018-12-15,0.4013516183986371
2018-12-15,0.4006690476190476
2018-12-15,0.39998879456706277
2018-12-15,0.39931084745762707
2018-12-15,0.3939453468697123
2018-12-15,0.39448310810810805
2018-12-15,0.39381787521079253
2018-12-15,0.40009006734006725
2018-12-15,0.40140756302521
2018-12-15,0.3968085570469798
2018-12-15,0.3906926298157453
2018-12-15,0.3903367892976588
2018-12-15,0.3902856427378964
2018-12-15,0.3882261666666666
2018-12-15,0.3875801996672212
2018-12-15,0.38795199335548164
2018-12-15,0.3875830845771143
2018-12-15,0.3869413907284767
2018-12-15,0.3863018181818181
2018-12-15,0.3856643564356435
2018-12-15,0.386653212520593
2018-12-15,0.3883804276315789
2018-12-15,0.3882287356321838
2018-12-15,0.38759229508196713
2018-12-15,0.3869579378068739
2018-12-17,0.3863256535947711
2018-12-17,0.38494893964110916
2018-12-17,0.3843219869706839
2018-12-17,0.3836970731707316
2018-12-17,0.3830741883116882
2018-12-17,0.38296774716369514
2018-12-17,0.38234805825242707
2018-12-17,0.3817303715670435
2018-12-17,0.3811146774193547
2018-12-17,0.37954766505636056
2018-12-17,0.3789374598070738
2018-12-17,0.3783292134831459
2018-12-17,0.39485833333333314
2018-12-17,0.39422655999999984
2018-12-17,0.39359680511182094
2018-12-17,0.39235661881977657
2018-12-17,0.3911942675159234
2018-12-17,0.3905723370429251
2018-12-17,0.3909625396825395
2018-12-17,0.39153248811410446
2018-12-17,0.3900310126582277
2018-12-17,0.3884094786729856
2018-12-17,0.38641324921135634
2018-12-18,0.3853385826771652
2018-12-19,0.3838580188679244
2018-12-19,0.38181036106750377
2018-12-19,0.38552147335423187
2018-12-19,0.3845269170579029
2018-12-19,0.37773296874999984
2018-12-19,0.34017020280811217
2018-12-19,0.32323146417445464
2018-12-19,0.3227287713841367
2018-12-19,0.33040031055900604
2018-12-19,0.33051116279069753
2018-12-19,0.3287351393188853
2018-12-19,0.32822704791344653
2018-12-19,0.32859768518518506
2018-12-19,0.32758089368258847
2018-12-19,0.32645861538461524
2018-12-19,0.32677235023041457
2018-12-19,0.32746610429447837
2018-12-19,0.3279024502297089
2018-12-19,0.32792094801223226
2018-12-19,0.32854259541984715
2018-12-19,0.328728963414634
2018-12-19,0.33129025875190243
2018-12-19,0.33706215805471107
2018-12-19,0.3424057663125947
2018-12-19,0.3401978787878786
2018-12-19,0.33968320726172446
2018-12-19,0.34038157099697863
2018-12-19,0.33986817496229244
2018-12-19,0.3313981927710841
2018-12-19,0.3317663157894735
2018-12-19,0.33127822822822806
2018-12-19,0.3291431784107944
2018-12-19,0.3287303892215567
2018-12-19,0.3271968609865469
2018-12-19,0.3273619402985073
2018-12-19,0.32747302533532024
2018-12-19,0.32830610119047604
2018-12-19,0.3278182763744426
2018-12-19,0.3256071216617209
2018-12-19,0.32674133333333316
2018-12-19,0.3262579881656803
2018-12-19,0.32263515509601165
2018-12-19,0.32215929203539806
2018-12-19,0.31906921944035327
2018-12-19,0.31859999999999983
2018-12-19,0.31580690161527153
2018-12-19,0.30341715542521974
2018-12-19,0.3042625183016104
2018-12-19,0.3015059941520466
2018-12-19,0.303637518248175
2018-12-19,0.31412434402332345
2018-12-19,0.31422896652110605
2018-12-20,0.31645159883720914
2018-12-20,0.31788896952104484
2018-12-20,0.3155956521739129
2018-12-20,0.3151389290882777
2018-12-20,0.3141027456647397
2018-12-20,0.3173975468975467
2018-12-20,0.31774178674351566
2018-12-20,0.31728460431654654
2018-12-20,0.316049568965517
2018-12-20,0.31559612625537997
2018-12-20,0.3215312320916903
2018-12-20,0.32178755364806844
2018-12-20,0.32165114285714264
2018-12-20,0.32179358059914387
2018-12-20,0.32198874643874625
2018-12-20,0.3237964438122331
2018-12-20,0.323336505681818
2018-12-20,0.3219421276595743
2018-12-20,0.3214861189801698
2018-12-20,0.3210314002828853
2018-12-20,0.3214775423728812
2018-12-20,0.3210241184767276
2018-12-20,0.32057197183098574
2018-12-20,0.3216026722925456
2018-12-20,0.3220476123595504
2018-12-20,0.3215959326788217
2018-12-20,0.32114551820728277
2018-12-20,0.32117188811188796
2018-12-20,0.3207233240223462
2018-12-20,0.3240034867503485
2018-12-20,0.3235522284122561
2018-12-21,0.32683073713490945
2018-12-21,0.32637680555555537
2018-12-21,0.3280045769764215
2018-12-21,0.32600997229916884
2018-12-21,0.32599917012448115
2018-12-21,0.3242046961325965
2018-12-21,0.3234944827586205
2018-12-21,0.324268732782369
2018-12-21,0.32445185694635476
2018-12-21,0.320808379120879
2018-12-21,0.32496159122085033
2018-12-21,0.334670410958904
2018-12-21,0.3372248974008207
2018-12-21,0.3424137978142075
2018-12-21,0.3454222373806274
2018-12-21,0.34495163487738406
2018-12-21,0.34465646258503385
2018-12-21,0.3453093749999998
2018-12-21,0.3454105834464042
2018-12-21,0.3449425474254741
2018-12-21,0.3444757780784843
2018-12-22,0.34034459459459443
2018-12-22,0.33710391363022923
2018-12-22,0.3366495956873314
2018-12-22,0.3361965006729473
2018-12-22,0.336015322580645
2018-12-22,0.3501034899328857
2018-12-22,0.3477328418230561
2018-12-22,0.35422155287817914
2018-12-22,0.3532106951871655
2018-12-22,0.3527391188250999
2018-12-22,0.3486534666666664
2018-12-22,0.3477154460719039
2018-12-22,0.34853550531914873
2018-12-22,0.3543371845949533
2018-12-22,0.35354748010610054
2018-12-22,0.353079205298013
2018-12-22,0.3516082010582008
2018-12-22,0.3475064729194185
2018-12-22,0.34757823218997336
2018-12-22,0.3471202898550722
2018-12-22,0.3473690789473682
2018-12-22,0.34674441524310096
2018-12-23,0.3482851706036743
2018-12-23,0.34913931847968527
2018-12-23,0.3516132198952877
2018-12-23,0.3514882352941174
2018-12-23,0.35407062663185357
2018-12-23,0.3545508474576269
2018-12-23,0.3540891927083331
2018-12-23,0.3536287386215862
2018-12-23,0.3545557142857141
2018-12-23,0.35598145265888437
2018-12-23,0.35083497409326403
2018-12-23,0.34804476067270357
2018-12-23,0.33731731266149856
2018-12-23,0.33638941935483857
2018-12-23,0.3396204896907215
2018-12-23,0.33918339768339756
2018-12-23,0.33857544987146515
2018-12-23,0.34051797175866483
2018-12-23,0.34008141025641014
2018-12-23,0.3396459667093469
2018-12-23,0.3397965473145779
2018-12-23,0.3393625798212004
2018-12-23,0.338929719387755
2018-12-23,0.33809770700636926
2018-12-23,0.3377287531806614
2018-12-23,0.3372996188055907
2018-12-23,0.3368715736040607
2018-12-23,0.3371580481622305
2018-12-23,0.3432841772151897
2018-12-23,0.3428501896333753
2018-12-23,0.34241729797979786
2018-12-23,0.34658474148802004
2018-12-24,0.3458362720403021
2018-12-24,0.34540125786163506
2018-12-24,0.34415251256281393
2018-12-24,0.3444106649937263
2018-12-24,0.34512894736842087
2018-12-26,0.3517390488110136
2018-12-26,0.35083937499999984
2018-12-26,0.36054332084893864
2018-12-26,0.36009376558603473
2018-12-26,0.35897509339975076
2018-12-26,0.3593590796019899
2018-12-26,0.35825838509316754
2018-12-26,0.3578138957816375
2018-12-26,0.35737050805452275
2018-12-26,0.3581702970297028
2018-12-26,0.3566286773794807
2018-12-26,0.3678624691358023
2018-12-26,0.37038224414303317
2018-12-26,0.3730701970443348
2018-12-26,0.3720463714637145
2018-12-26,0.3715893120393119
2018-12-26,0.3718784049079753
2018-12-26,0.37039325980392146
2018-12-26,0.372133047735618
2018-12-26,0.37079498777506104
2018-12-26,0.3708084249084248
2018-12-26,0.37035621951219505
2018-12-26,0.37075809987819724
2018-12-26,0.3703070559610705
2018-12-26,0.3720150668286755
2018-12-26,0.3790537621359223
2018-12-26,0.3792850909090909
2018-12-26,0.3779179176755448
2018-12-27,0.37831414752116077
2018-12-27,0.37744661835748794
2018-12-27,0.3769913148371532
2018-12-27,0.3778802409638554
2018-12-27,0.378868110709988
2018-12-27,0.3784127403846154
2018-12-27,0.37880888355342135
2018-12-27,0.3777436450839329
2018-12-27,0.37814107784431145
2018-12-27,0.37768875598086127
2018-12-27,0.37810059737156515
2018-12-27,0.37985584725536997
2018-12-27,0.38061764004767584
2018-12-27,0.37914416666666667
2018-12-28,0.3786933412604043
2018-12-28,0.3797552256532067
2018-12-28,0.37830806642941883
2018-12-28,0.3778598341232228
2018-12-28,0.3778170414201184
2018-12-28,0.37962718676122936
2018-12-28,0.3803105076741441
2018-12-28,0.38344834905660385
2018-12-28,0.38299670200235575
2018-12-28,0.38254611764705887
2018-12-28,0.3820965922444184
2018-12-28,0.3812887323943663
2018-12-28,0.38084173505275504
2018-12-28,0.379948711943794
2018-12-28,0.38104959064327487
2018-12-28,0.3806044392523365
2018-12-28,0.38067421236872817
2018-12-28,0.3802305361305362
2018-12-28,0.3797878928987195
2018-12-28,0.3797662790697675
2018-12-28,0.3790761904761905
2018-12-28,0.37809280742459406
2018-12-28,0.3776546929316339
2018-12-28,0.37674745370370377
2018-12-28,0.3763119075144509
2018-12-28,0.37587736720554277
2018-12-28,0.3754438292964245
2018-12-28,0.3756175115207374
2018-12-28,0.3767056386651324
2018-12-28,0.3748867816091955
2018-12-28,0.3756779563719863
2018-12-28,0.3761861238532111
2018-12-28,0.37518247422680423
2018-12-28,0.37374267734553784
2018-12-28,0.366681942857143
2018-12-28,0.3662633561643837
2018-12-28,0.3666738882554163
2018-12-28,0.3665140091116174
2018-12-28,0.3672324232081912
2018-12-28,0.3668151136363637
2018-12-28,0.36591316685584574
2018-12-28,0.36624773242630393
2018-12-28,0.3651346545866365
2018-12-28,0.3667885746606336
2018-12-28,0.36600225988700574
2018-12-28,0.3659968397291197
2018-12-28,0.3649682074408118
2018-12-28,0.36671373873873886
2018-12-28,0.36586040494938143
2018-12-28,0.3661905617977529
2018-12-28,0.36679663299663307
2018-12-28,0.36494417040358756
2018-12-28,0.3645354983202689
2018-12-28,0.36497550335570483
2018-12-28,0.36404983240223476
2018-12-28,0.3636435267857144
2018-12-28,0.3632381270903011
2018-12-28,0.3653412026726059
2018-12-28,0.36493481646273646
2018-12-28,0.3645293333333334
2018-12-29,0.3645708102108769
2018-12-29,0.36478458980044354
2018-12-29,0.36438062015503886
2018-12-29,0.36448473451327446
2018-12-29,0.3640819889502763
2018-12-29,0.3653258278145696
2018-12-29,0.36492304299889755
2018-12-29,0.36611475770925117
2018-12-29,0.3660376237623763
2018-12-29,0.3667208791208792
2018-12-29,0.3649464324917674
2018-12-29,0.3640474780701755
2018-12-29,0.36408893756845573
2018-12-30,0.3605898249452955
2018-12-30,0.3598750819672132
2018-12-30,0.36165720524017475
2018-12-30,0.3601995637949837
2018-12-31,0.36052418300653605
2018-12-31,0.3607264417845485
2018-12-31,0.3623069565217392
2018-12-31,0.3613681867535289
2018-12-31,0.3618905639913233
2018-12-31,0.361498483206934
2018-12-31,0.36110725108225117
2018-12-31,0.36110735135135147
2018-12-31,0.3586394168466524
2018-12-31,0.3582525350593313
2018-12-31,0.3584723060344829
2018-12-31,0.3579367061356299
2018-12-31,0.3568424731182797
2018-12-31,0.3555035445757252
2018-12-31,0.35512210300429203
2018-12-31,0.3547414790996786
2018-12-31,0.3543616702355462
2018-12-31,0.3539826737967916
2018-12-31,0.35360448717948734
2018-12-31,0.354070864461046
2018-12-31,0.3541732409381665
2018-12-31,0.3552461128860492
2018-12-31,0.35627372340425545
2018-12-31,0.3558545164718386
2018-12-31,0.3554767515923568
2018-12-31,0.3550997879109227
2018-12-31,0.35472362288135606
2018-12-31,0.3543420105820107
2018-12-31,0.35396744186046525
2018-12-31,0.3543749736008449
2018-12-31,0.35400116033755286
2018-12-31,0.3487497365648052
2018-12-31,0.3510447368421054
2018-12-31,0.3506756046267089
2018-12-31,0.34864327731092454
2018-12-31,0.3482774396642184
2018-12-31,0.34796645702306095
2018-12-31,0.3476020942408379
2018-12-31,0.34866276150627634
2018-12-31,0.3486309299895508
2018-12-31,0.34826701461377885
2019-01-01,0.34801147028154344
2019-01-01,0.3480880208333335
2019-01-01,0.34801175858480765
2019-01-01,0.3485460498960501
2019-01-01,0.3491129802699898
2019-01-01,0.34875082987551886
2019-01-01,0.34838943005181366
2019-01-01,0.3492769151138718
2019-01-01,0.34891571871768373
2019-01-01,0.3485552685950415
2019-01-01,0.3570246646026834
2019-01-01,0.3566565979381445
2019-01-01,0.3499402677651907
2019-01-01,0.3507569958847739
2019-01-01,0.3423742034943476
2019-01-01,0.3448065708418893
2019-01-01,0.34487302564102584
2019-01-01,0.34517223360655763
2019-01-01,0.34566550665301965
2019-01-01,0.34609560327198385
2019-01-01,0.3466003064351381
2019-01-01,0.34805989795918385
2019-01-01,0.34121314984709494
2019-01-01,0.3496599796334014
2019-01-01,0.34943448626653123
2019-01-01,0.35094014227642295
2019-01-01,0.3535012182741119
2019-01-01,0.3527554766734282
2019-01-01,0.35294751773049665
2019-01-01,0.35259028340080995
2019-01-01,0.35253306370070797
2019-01-01,0.3530551515151517
2019-01-01,0.351895660948537
2019-01-01,0.35154092741935505
2019-01-01,0.3506288016112792
2019-01-01,0.3479746478873242
2019-01-01,0.34802884422110575
2019-01-01,0.34708504016064284
2019-01-01,0.3467369107321968
2019-01-01,0.3463894789579161
2019-01-01,0.3458402402402405
2019-01-01,0.34480360000000027
2019-01-01,0.3444591408591411
2019-01-01,0.3430640718562877
2019-01-01,0.34299441674975095
2019-01-01,0.34391225099601613
2019-01-01,0.34567154228855745
2019-01-01,0.3444899602385688
2019-01-01,0.3447285998013905
2019-01-01,0.34438660714285735
2019-01-01,0.34404529236868203
2019-01-01,0.34746821782178233
2019-01-01,0.34683175074184
2019-01-02,0.34501452569169977
2019-01-02,0.34487364264560727
2019-01-02,0.3430228796844183
2019-01-02,0.34188187192118247
2019-01-02,0.34154537401574825
2019-01-02,0.34271396263520176
2019-01-02,0.3423773084479373
2019-01-02,0.3427265947006871
2019-01-02,0.3429471568627453
2019-01-02,0.34261126346718923
2019-01-02,0.34298287671232897
2019-01-02,0.34086695992179883
2019-01-02,0.3405340820312502
2019-01-02,0.34063151219512217
2019-01-02,0.34108216374269024
2019-01-02,0.3409703992210323
2019-01-02,0.3406387159533076
2019-01-02,0.3409053449951411
2019-01-02,0.340574368932039
2019-01-02,0.34024403491755595
2019-01-02,0.3399143410852715
2019-01-02,0.33958528557599243
2019-01-02,0.3392568665377178
2019-01-02,0.3406131400966185
2019-01-02,0.3420200772200774
2019-01-02,0.34293924783027985
2019-01-02,0.3444149325626206
2019-01-02,0.34577516843118405
2019-01-02,0.346379230769231
2019-01-02,0.3467004803073969
2019-01-02,0.344712859884837
2019-01-03,0.345249185043145
2019-01-03,0.34491848659003854
2019-01-03,0.3459453588516749
2019-01-03,0.34532906309751454
2019-01-03,0.3460152817574023
2019-01-03,0.345685114503817
2019-01-03,0.34535557673975237
2019-01-03,0.3443153333333336
2019-01-03,0.34470932445290225
2019-01-03,0.34563754752851733
2019-01-03,0.3459141500474836
2019-01-03,0.3455859582542697
2019-01-03,0.34525838862559266
2019-01-04,0.3454592803030305
2019-01-04,0.34513245033112605
2019-01-04,0.3448062381852554
2019-01-04,0.3451627950897075
2019-01-04,0.34483716981132095
2019-01-04,0.34451215834118776
2019-01-04,0.3441877589453863
2019-01-05,0.33568861712135484
2019-01-05,0.3339591165413536
2019-01-05,0.33398469483568094
2019-01-05,0.33405093808630415
2019-01-05,0.3337378631677603
2019-01-05,0.3325939138576781
2019-01-05,0.33043143124415364
2019-01-05,0.33083850467289744
2019-01-05,0.3301083099906632
2019-01-05,0.3302611007462689
2019-01-06,0.33062618825722295
2019-01-06,0.3314297020484174
2019-01-06,0.32893209302325604
2019-01-06,0.3283513011152419
2019-01-06,0.328800928505107
2019-01-06,0.3294003710575142
2019-01-06,0.3290950880444859
2019-01-06,0.3310256481481484
2019-01-06,0.33071942645698454
2019-01-06,0.3298411275415899
2019-01-06,0.3292632502308405
2019-01-06,0.3285883763837641
2019-01-07,0.3297428571428574
2019-01-07,0.32870368324125254
2019-01-07,0.32909668813247495
2019-01-07,0.32879420955882377
2019-01-07,0.32684986225895346
2019-01-07,0.32621862385321126
2019-01-07,0.32658588450962445
2019-01-07,0.32847472527472554
2019-01-07,0.33041829826166547
2019-01-07,0.33132230347349206
2019-01-07,0.32915452054794553
2019-01-08,0.3288541970802923
2019-01-08,0.3282539653600732
2019-01-08,0.32592440801457223
2019-01-09,0.3263592356687901
2019-01-09,0.3260625454545457
2019-01-09,0.3258826521344235
2019-01-09,0.32485263157894767
2019-01-09,0.3247953762466005
2019-01-09,0.3245011775362322
2019-01-09,0.32420751131221753
2019-01-09,0.32391437613019924
2019-01-09,0.32655835591689286
2019-01-09,0.3262636281588451
2019-01-09,0.3253256086564476
2019-01-09,0.32430837837837867
2019-01-09,0.324016471647165
2019-01-09,0.3237250899280579
2019-01-09,0.32343423180593023
2019-01-09,0.3246823159784563
2019-01-09,0.32439112107623347
2019-01-10,0.3250176523297494
2019-01-10,0.32472667860340226
2019-01-10,0.3222291592128805
2019-01-12,0.32128427167113527
2019-01-13,0.3223554464285718
2019-01-13,0.3219301516503126
2019-01-13,0.3224360071301251
2019-01-13,0.32214888691006266
2019-01-13,0.3218622775800715
2019-01-13,0.31818631111111145
2019-01-13,0.31794955595026675
2019-01-13,0.31766743566992045
2019-01-13,0.3181559397163124
2019-01-13,0.31841656333038115
2019-01-13,0.3195692920353985
2019-01-13,0.32157453580901885
2019-01-13,0.32182128975265045
2019-01-13,0.3218242718446605
2019-01-13,0.3230272486772489
2019-01-13,0.32274264317180645
2019-01-13,0.3232006161971834
2019-01-13,0.3229163588390504
2019-01-13,0.32300298769771557
2019-01-13,0.3232087796312557
2019-01-13,0.322925263157895
2019-01-13,0.32224592462751994
2019-01-13,0.32196374781085835
2019-01-13,0.3222000000000002
2019-01-13,0.3224055944055946
2019-01-13,0.3216926637554587
2019-01-13,0.32121448516579426
2019-01-13,0.32115762859633845
2019-01-13,0.32132151567944267
2019-01-13,0.32104186248912114
2019-01-13,0.3211456521739132
2019-01-13,0.3207324934839272
2019-01-13,0.32139470486111127
2019-01-13,0.3218075455333913
2019-01-13,0.322239341421144
2019-01-13,0.32235004329004346
2019-01-15,0.3220711937716265
2019-01-15,0.3222745894554885
2019-01-15,0.3219296200345425
2019-01-15,0.3222013805004316
2019-01-15,0.32251051724137947
2019-01-15,0.3199332472006893
2019-01-15,0.3196579173838212
2019-01-15,0.3196754084264834
2019-01-15,0.32013393470790397
2019-01-15,0.31956583690987145
2019-01-16,0.3192917667238424
2019-01-16,0.3191854327335049
2019-01-16,0.3189121575342468
2019-01-16,0.3186393498716854
2019-01-16,0.3186567521367523
2019-01-16,0.3191045260461146
2019-01-16,0.31883225255972714
2019-01-16,0.3182178175618075
2019-01-16,0.3184925894378196
2019-01-16,0.3179538723404257
2019-01-16,0.31719948979591855
2019-01-16,0.31692999150382345
2019-01-16,0.31706561969439745
2019-01-16,0.31752230703986445
2019-01-16,0.31725322033898323
2019-01-16,0.31698458933107554
2019-01-16,0.31760761421319816
2019-01-16,0.31814505494505513
2019-01-16,0.31981317567567585
2019-01-16,0.3202631223628694
2019-01-16,0.320487099494098
2019-01-16,0.3202171019376581
2019-01-16,0.3199475589225591
2019-01-16,0.31967846930193455
2019-01-16,0.3194098319327733
2019-01-16,0.320632829554996
2019-01-16,0.32036384228187936
2019-01-16,0.3204486169321041
2019-01-16,0.31963701842546083
2019-01-16,0.3196615062761508
2019-01-16,0.319994899665552
2019-01-16,0.3198863826232249
2019-01-16,0.31961936560934906
2019-01-16,0.31945954962468737
2019-01-16,0.31919333333333344
2019-01-16,0.3189275603663615
2019-01-16,0.31901289517470893
2019-01-16,0.3196576059850375
2019-01-16,0.3189416943521596
2019-01-16,0.3186770124481329
2019-01-16,0.3184127694859039
2019-01-16,0.3181489643744823
2019-01-16,0.3178855960264902
2019-01-16,0.3176226633581473
2019-01-16,0.3191796694214877
2019-01-17,0.3201291494632536
2019-01-17,0.3206697194719473
2019-01-17,0.3227875515251443
2019-01-17,0.32134365733113684
2019-01-17,0.32086847736625523
2019-01-17,0.320604605263158
2019-01-17,0.3207181594083814
2019-01-17,0.32108292282430223
2019-01-17,0.3208195242001642
2019-01-17,0.3212222950819673
2019-01-18,0.31822628992629004
2019-01-18,0.31796587561374806
2019-01-18,0.31764276369583
2019-01-18,0.317383251633987
2019-01-18,0.31712416326530624
2019-01-18,0.3174894779771616
2019-01-18,0.31645370823145896
2019-01-18,0.31675724755700335
2019-01-18,0.31649951179821006
2019-01-18,0.31696577235772366
2019-01-18,0.32150877335499606
2019-01-21,0.320783603896104
2019-01-21,0.3205234387672345
2019-01-21,0.3216324149108591
2019-01-21,0.3213719838056681
2019-01-21,0.32295889967637553
2019-01-21,0.32300824575586107
2019-01-21,0.3234055735056544
2019-01-21,0.32314455205811154
2019-01-21,0.3228839516129034
2019-01-21,0.32324020950846105
2019-01-21,0.32387367149758467
2019-01-21,0.32439267900241364
2019-01-21,0.3241319131832799
2019-01-21,0.32387156626506036
2019-01-21,0.3261402889245587
2019-01-21,0.32587874899759434
2019-01-21,0.3256176282051283
2019-01-21,0.32614571657325875
2019-01-21,0.32580224000000013
2019-01-22,0.32554180655475634
2019-01-22,0.3241782747603835
2019-01-22,0.32435562649640876
2019-01-22,0.323504465709729
2019-01-22,0.32324669322709176
2019-01-22,0.32298933121019124
2019-01-22,0.32328583929992055
2019-01-22,0.32351868044515114
2019-01-22,0.32356497220015895
2019-01-22,0.3229225396825398
2019-01-22,0.32307771609833474
2019-01-22,0.3235314580031696
2019-01-22,0.3232752969121141
2019-01-22,0.3230195411392406
2019-01-22,0.3227641897233202
2019-01-22,0.3228647709320696
2019-01-22,0.32377032359905294
2019-01-22,0.32351498422712943
2019-01-22,0.32343837667454695
2019-01-22,0.3230211811023623
2019-01-23,0.3233741935483872
2019-01-23,0.32177877358490575
2019-01-23,0.3155344854673999
2019-01-23,0.31692142857142863
2019-01-23,0.316151137254902
2019-01-23,0.3156359717868339
2019-01-23,0.3153888018794049
2019-01-23,0.3142347417840376
2019-01-23,0.3134582486317436
2019-01-23,0.313930234375
2019-01-23,0.31386893052302894
2019-01-23,0.3136539001560063
2019-01-23,0.31302548713951683
2019-01-24,0.3127816978193147
2019-01-24,0.31298334630350205
2019-01-24,0.312641601866252
2019-01-24,0.3123986790986792
2019-01-25,0.31215613354037275
2019-01-28,0.31163374709076813
2019-01-28,0.31170372093023263
2019-01-28,0.31198900077459346
2019-01-28,0.31174752321981436
2019-01-28,0.31150641918020117
2019-01-28,0.3112656877897992
2019-01-28,0.31014208494208506
2019-01-28,0.30990277777777786
2019-01-28,0.30939128758673873
2019-01-28,0.30953243451463797
2019-01-28,0.30894095458044657
2019-01-28,0.3087033076923078
2019-01-29,0.30842636433512693
2019-01-31,0.3034890168970815
2019-01-31,0.30325610130468156
2019-01-31,0.3052861963190185
2019-01-31,0.30573272030651344
2019-01-31,0.3050767228177642
2019-01-31,0.30484330527926556
2019-01-31,0.3052891437308869
2019-01-31,0.30822704354469066
2019-01-31,0.3089570229007634
2019-01-31,0.30872135774218157
2019-01-31,0.31068300304878055
2019-02-01,0.3104463823305408
2019-02-01,0.3097165144596652
2019-02-01,0.309480988593156
2019-02-01,0.3095804711246201
2019-02-01,0.3091206529992408
2019-02-01,0.310648330804249
2019-02-04,0.312109552691433
2019-02-04,0.31187310606060614
2019-02-04,0.3116370174110523
2019-02-04,0.31140128593040856
2019-02-04,0.31176122448979604
2019-02-04,0.3094155589123868
2019-02-05,0.3091820377358491
2019-02-05,0.30894886877828065
2019-02-05,0.30848387339864364
2019-02-05,0.30873079819277116
2019-02-05,0.30849849510910465
2019-02-05,0.308707067669173
2019-02-05,0.30928925619834713
2019-02-05,0.3105408408408409
2019-02-05,0.3140342085521381
2019-02-05,0.3107285607196402
2019-02-05,0.3104958052434457
2019-02-05,0.31073974550898203
2019-02-05,0.31050732984293195
2019-02-07,0.3108644992526159
2019-02-07,0.3103666168782674
2019-02-07,0.31051507462686573
2019-02-10,0.31028351976137214
2019-02-10,0.3100523099850969
2019-02-10,0.30982144452717797
2019-02-10,0.30959092261904764
2019-02-10,0.3088797026022305
2019-02-10,0.3087068350668648
2019-02-11,0.30873006681514475
2019-02-11,0.30885370919881305
2019-02-11,0.30862475908080056
2019-02-11,0.307252074074074
2019-02-11,0.3070246484085862
2019-02-11,0.30679755917159757
2019-02-11,0.3068220990391721
2019-02-11,0.3070968980797636
2019-02-11,0.30687025830258297
2019-02-11,0.3069944690265486
2019-02-11,0.3065864406779661
2019-02-11,0.30700500736377023
2019-02-11,0.306779102281089
2019-02-14,0.306610294117647
2019-02-14,0.30638501102130783
2019-02-14,0.30631108663729806
2019-02-14,0.30562787967718263
2019-02-15,0.3054038123167155
2019-02-15,0.3059037362637362
2019-02-15,0.30567979502196185
2019-02-15,0.30531397220190193
2019-02-15,0.30466980994152043
2019-02-15,0.3050425127830533
2019-02-15,0.3048198540145985
2019-02-15,0.30459752005835156
2019-02-15,0.3043755102040816
2019-02-15,0.30415382374362704
2019-02-15,0.30345909752547306
2019-02-15,0.3034698181818182
2019-02-15,0.3032492732558139
2019-02-16,0.3002534495279593
2019-02-16,0.2976764876632801
2019-02-16,0.29650253807106597
2019-02-16,0.2950007246376811
2019-02-16,0.29251918899348295
2019-02-16,0.2918791606367583
2019-02-16,0.29140694143167023
2019-02-16,0.29119638728323693
2019-02-16,0.290297761732852
2019-02-16,0.28948008658008656
2019-02-16,0.2901544340302812
2019-02-16,0.2902490634005763
2019-02-16,0.2900401007919366
2019-02-16,0.2895868345323741
2019-02-16,0.2908937455068296
2019-02-17,0.29068477011494254
2019-02-17,0.2901599425699928
2019-02-17,0.2916257532281205
2019-02-17,0.29141670250896057
2019-02-17,0.29076654727793694
2019-02-17,0.29126177523264135
2019-02-17,0.29105343347639484
2019-02-17,0.29084538956397427
2019-02-17,0.2900355
2019-02-17,0.28982847965738756
2019-02-17,0.289435092724679
2019-02-17,0.2896507483962936
2019-02-17,0.28620555555555555
2019-02-17,0.2870842704626334
2019-02-17,0.2871002844950213
2019-02-17,0.3018960909737029
2019-02-17,0.3023588068181818
2019-02-17,0.30304166075230654
2019-02-17,0.3022409929078014
2019-02-17,0.30177080085046065
2019-02-17,0.3004903682719547
2019-02-17,0.3000682236376504
2019-02-17,0.29918175388967466
2019-02-17,0.2985179505300353
2019-02-17,0.29890501412429377
2019-02-17,0.29893401552575866
2019-02-17,0.2973846967559943
2019-02-17,0.2969772374911909
2019-02-17,0.2967680985915493
2019-02-17,0.2963415200562984
2019-02-17,0.2960431082981716
2019-02-17,0.29691152494729445
2019-02-17,0.297094452247191
2019-02-17,0.29665775438596487
2019-02-18,0.2969650070126227
2019-02-18,0.29595536089698665
2019-02-18,0.29631379551820725
2019-02-18,0.295899300209937
2019-02-18,0.2956923776223776
2019-02-18,0.2954857442348008
2019-02-18,0.29561229050279325
2019-02-18,0.29540600139567336
2019-02-18,0.296526220362622
2019-02-18,0.2969021602787456
2019-02-18,0.29691142061281334
2019-02-18,0.296984481558803
2019-02-18,0.2964984700973574
2019-02-18,0.29761514940931194
2019-02-18,0.2975156944444444
2019-02-18,0.2997225537820957
2019-02-18,0.299557975034674
2019-02-18,0.29996950796950794
2019-02-18,0.3003120498614958
2019-02-18,0.30010422145328713
2019-02-18,0.2998966804979253
2019-02-18,0.29968942639944707
2019-02-18,0.298855179558011
2019-02-18,0.2986489302967563
2019-02-18,0.297139724137931
2019-02-18,0.29660640937284627
2019-02-18,0.29634896694214874
2019-02-18,0.296211355815554
2019-02-18,0.29659436038514436
2019-02-18,0.2967329896907216
2019-02-18,0.2955585851648351
2019-02-18,0.2967112560054907
2019-02-18,0.29650775034293547
2019-02-18,0.2960816312542837
2019-02-18,0.2965183561643835
2019-02-18,0.29656262833675556
2019-02-18,0.29678720930232555
2019-02-18,0.2969933697881066
2019-02-18,0.2966359289617486
2019-02-18,0.2974836860068259
2019-02-18,0.29975034106412
2019-02-18,0.2991466257668712
2019-02-18,0.2981936648501362
2019-02-19,0.2982642614023145
2019-02-19,0.2984497278911564
2019-02-19,0.2982292997960571
2019-02-19,0.29876283967391304
2019-02-20,0.2985600135777325
2019-02-20,0.29957740841248304
2019-02-20,0.3008175593220339
2019-02-20,0.30009640921409214
2019-02-20,0.2992792823290454
2019-02-20,0.2973713802435724
2019-02-20,0.29588025693035835
2019-02-20,0.29805304054054055
2019-02-20,0.2978517893315327
2019-02-20,0.2976508097165992
2019-02-20,0.29738084962913014
2019-02-20,0.2970298517520215
2019-02-20,0.2968298316498316
2019-02-20,0.29621090174966347
2019-02-20,0.29638655010087417
2019-02-21,0.2967311155913978
2019-02-21,0.29653183344526524
2019-02-21,0.2966642953020134
2019-02-21,0.29646532528504355
2019-02-21,0.29601072386058974
2019-02-21,0.2958124581379772
2019-02-21,0.29551111111111106
2019-02-21,0.29492227424749157
2019-02-21,0.29432446524064165
2019-02-21,0.2941278557114228
2019-02-21,0.2939315086782376
2019-02-21,0.29418905937291523
2019-02-21,0.29445079999999996
2019-02-21,0.2939215856095935
2019-02-21,0.29311218375499326
2019-02-22,0.29279068529607444
2019-02-22,0.2920873670212766
2019-02-22,0.29173308970099665
2019-02-22,0.2918181938911022
2019-02-22,0.2922570670205706
2019-02-22,0.2920632625994694
2019-02-22,0.29302942345924443
2019-02-22,0.2932568211920529
2019-02-22,0.2942050297816015
2019-02-22,0.2929044973544973
2019-02-22,0.2925303370786516
2019-02-22,0.29317780713342134
2019-02-22,0.2933799339933993
2019-02-22,0.29318641160949865
2019-02-22,0.2949242584047462
2019-02-23,0.29472997364953885
2019-02-23,0.2945359447004608
2019-02-23,0.29627875
2019-02-23,0.2960839579224194
2019-02-23,0.2956290407358738
