"open","high","low","close","vwap","count","base_currency","base_issuer","base_volume","counter_currency","counter_issuer","counter_volume","open_time","close_time","start","buy_volume"
"0.0079207440","0.0083923771","0.0078559207","0.0082013419","0.0081719592","5784","XRP","","78004257.03602836","USD","rvYAfWj5gh67oV6fW32ZzP3Aw4Eubs59B","637447.6027182029","2016-03-22T01:07:30Z","2016-03-24T23:59:40Z","2016-03-22T00:00:00Z",""
"0.0081984161","0.0082108454","0.0079121784","0.0079358655","0.0080732950","2261","XRP","","27514705.74891501","USD","rvYAfWj5gh67oV6fW32ZzP3Aw4Eubs59B","222134.336094826","2016-03-25T00:00:21Z","2016-03-27T23:35:10Z","2016-03-25T00:00:00Z","NaN"
"0.0079291621","0.0079491255","0.0069731346","0.0069832730","0.0074534310","10992","XRP","","122881737.8158591","USD","rvYAfWj5gh67oV6fW32ZzP3Aw4Eubs59B","915890.5560372765","2016-03-28T00:25:11Z","2016-03-30T23:58:31Z","2016-03-28T00:00:00Z","NaN"
"0.0070017230","0.0075244544","0.0068798279","0.0074349441","0.0073117744","6210","XRP","","75297745.77087504","USD","rvYAfWj5gh67oV6fW32ZzP3Aw4Eubs59B","550560.1281410772","2016-03-31T00:03:00Z","2016-04-02T23:58:00Z","2016-03-31T00:00:00Z","NaN"
"0.0074368373","0.0074999999","0.0073340521","0.0073529411","0.0074039168","2836","XRP","","31748190.91369501","USD","rvYAfWj5gh67oV6fW32ZzP3Aw4Eubs59B","235060.9633324022","2016-04-03T00:04:41Z","2016-04-05T23:56:12Z","2016-04-03T00:00:00Z","NaN"
"0.0073533776","0.0073533776","0.0064854538","0.0065954134","0.0068006452","7470","XRP","","93142043.71760699","USD","rvYAfWj5gh67oV6fW32ZzP3Aw4Eubs59B","633425.997008166","2016-04-06T00:15:21Z","2016-04-08T23:59:32Z","2016-04-06T00:00:00Z","NaN"
"0.0065954148","0.0065954365","0.0056570372","0.0059083085","0.0060566626","9073","XRP","","132410443.2814727","USD","rvYAfWj5gh67oV6fW32ZzP3Aw4Eubs59B","801965.3821070887","2016-04-09T00:00:31Z","2016-04-11T23:53:32Z","2016-04-09T00:00:00Z","NaN"
"0.0059017178","0.0063456136","0.0055201035","0.0062221331","0.0058513059","8172","XRP","","82046206.007622","USD","rvYAfWj5gh67oV6fW32ZzP3Aw4Eubs59B","480077.4518537417","2016-04-12T00:00:01Z","2016-04-14T23:59:51Z","2016-04-12T00:00:00Z","NaN"
"0.0062085448","0.0065402223","0.0061700427","0.0064900465","0.0064074425","3734","XRP","","31086150.9277071","USD","rvYAfWj5gh67oV6fW32ZzP3Aw4Eubs59B","199182.7261294617","2016-04-15T00:02:31Z","2016-04-17T23:57:50Z","2016-04-15T00:00:00Z","NaN"
"0.0065114770","0.0075642964","0.0064999999","0.0074109118","0.0071121969","8463","XRP","","97785778.184279","USD","rvYAfWj5gh67oV6fW32ZzP3Aw4Eubs59B","695471.70429875","2016-04-18T00:01:41Z","2016-04-20T23:59:22Z","2016-04-18T00:00:00Z","NaN"
"0.0074074073","0.0076250658","0.0070120048","0.0072901118","0.0073564948","7722","XRP","","96839421.62387902","USD","rvYAfWj5gh67oV6fW32ZzP3Aw4Eubs59B","712398.7004979178","2016-04-21T00:00:22Z","2016-04-23T23:45:41Z","2016-04-21T00:00:00Z","NaN"
"0.0072901118","0.0074129409","0.0068609833","0.0068896809","0.0071984546","5004","XRP","","76660598.03566694","USD","rvYAfWj5gh67oV6fW32ZzP3Aw4Eubs59B","551837.8337443656","2016-04-24T00:42:31Z","2016-04-26T23:59:42Z","2016-04-24T00:00:00Z","NaN"
"0.0068908987","0.0069187766","0.0065150468","0.0067502335","0.0066899834","5517","XRP","","87464081.0739921","USD","rvYAfWj5gh67oV6fW32ZzP3Aw4Eubs59B","585133.2545698464","2016-04-27T00:01:02Z","2016-04-29T23:50:30Z","2016-04-27T00:00:00Z","NaN"
"0.0067504361","0.0068493150","0.0065514298","0.0065656018","0.0067174638","3396","XRP","","47061240.59554203","USD","rvYAfWj5gh67oV6fW32ZzP3Aw4Eubs59B","316132.181959345","2016-04-30T00:09:10Z","2016-05-02T23:56:40Z","2016-04-30T00:00:00Z","NaN"
"0.0065754894","0.0065832784","0.0060747197","0.0062007377","0.0063061576","3056","XRP","","47159398.24389809","USD","rvYAfWj5gh67oV6fW32ZzP3Aw4Eubs59B","297394.5955934477","2016-05-03T00:20:01Z","2016-05-05T23:33:42Z","2016-05-03T00:00:00Z","NaN"
"0.0062007377","0.0065471810","0.0061971243","0.0063385374","0.0063732354","4307","XRP","","51886999.91119212","USD","rvYAfWj5gh67oV6fW32ZzP3Aw4Eubs59B","330688.0642466138","2016-05-06T00:17:10Z","2016-05-08T23:59:31Z","2016-05-06T00:00:00Z","NaN"
"0.0063331221","0.0064542905","0.0061239930","0.0061322048","0.0062856279","3750","XRP","","50649443.33689995","USD","rvYAfWj5gh67oV6fW32ZzP3Aw4Eubs59B","318363.5546505561","2016-05-09T00:00:22Z","2016-05-11T23:48:12Z","2016-05-09T00:00:00Z","NaN"
"0.0061349692","0.0061988736","0.0060006000","0.0060259234","0.0061066918","2874","XRP","","31843228.78352895","USD","rvYAfWj5gh67oV6fW32ZzP3Aw4Eubs59B","194456.7826884922","2016-05-12T00:02:30Z","2016-05-14T23:59:12Z","2016-05-12T00:00:00Z","NaN"
"0.0060259234","0.0060496067","0.0059200793","0.0059401946","0.0059881718","2647","XRP","","29451487.93257798","USD","rvYAfWj5gh67oV6fW32ZzP3Aw4Eubs59B","176360.5703444577","2016-05-15T00:00:10Z","2016-05-17T22:52:50Z","2016-05-15T00:00:00Z","NaN"
"0.0059382422","0.0061312078","0.0058906053","0.0060064013","0.0060038625","6406","XRP","","95076526.7108652","USD","rvYAfWj5gh67oV6fW32ZzP3Aw4Eubs59B","570826.3979273783","2016-05-18T01:11:22Z","2016-05-20T23:58:40Z","2016-05-18T00:00:00Z","NaN"
"0.0060049991","0.0060108751","0.0057812674","0.0058304999","0.0058685843","3732","XRP","","41829564.50873202","USD","rvYAfWj5gh67oV6fW32ZzP3Aw4Eubs59B","245480.3273585126","2016-05-21T00:02:02Z","2016-05-23T23:45:21Z","2016-05-21T00:00:00Z","NaN"
"0.0058291800","0.0060509999","0.0054865390","0.0056593095","0.0057029293","4679","XRP","","70001174.37931696","USD","rvYAfWj5gh67oV6fW32ZzP3Aw4Eubs59B","399211.7476463485","2016-05-24T01:55:31Z","2016-05-26T23:58:40Z","2016-05-24T00:00:00Z","NaN"
"0.0056529112","0.0057477888","0.0052628659","0.0055741917","0.0055432755","7701","XRP","","120294978.6769641","USD","rvYAfWj5gh67oV6fW32ZzP3Aw4Eubs59B","666828.210260442","2016-05-27T00:08:50Z","2016-05-29T23:02:01Z","2016-05-27T00:00:00Z","NaN"
"0.0055741917","0.0058424904","0.0053948474","0.0057736720","0.0056823816","7915","XRP","","119426605.607883","USD","rvYAfWj5gh67oV6fW32ZzP3Aw4Eubs59B","678627.5463908013","2016-05-30T00:45:40Z","2016-06-01T23:51:02Z","2016-05-30T00:00:00Z","NaN"
"0.0057803467","0.0058139534","0.0056187861","0.0057504312","0.0057172896","5437","XRP","","68029049.00193805","USD","rvYAfWj5gh67oV6fW32ZzP3Aw4Eubs59B","388941.7750186111","2016-06-02T00:17:00Z","2016-06-04T23:59:32Z","2016-06-02T00:00:00Z","NaN"
"0.0057405281","0.0058377115","0.0056179775","0.0057273768","0.0057359018","5643","XRP","","115206008.0164318","USD","rvYAfWj5gh67oV6fW32ZzP3Aw4Eubs59B","660810.3461469087","2016-06-05T00:00:33Z","2016-06-07T23:59:40Z","2016-06-05T00:00:00Z","NaN"
"0.0057306590","0.0058124141","0.0056334135","0.0056767397","0.0057258111","3916","XRP","","80655127.39538398","USD","rvYAfWj5gh67oV6fW32ZzP3Aw4Eubs59B","461816.0229230772","2016-06-08T00:05:41Z","2016-06-10T23:59:52Z","2016-06-08T00:00:00Z","NaN"
"0.0056712851","0.0059031876","0.0055789937","0.0058067938","0.0057074884","4477","XRP","","129390191.8979667","USD","rvYAfWj5gh67oV6fW32ZzP3Aw4Eubs59B","738493.0205921535","2016-06-11T00:00:00Z","2016-06-13T23:57:40Z","2016-06-11T00:00:00Z","NaN"
"0.0058017931","0.0081900081","0.0056874329","0.0066240157","0.0067349213","18585","XRP","","445800455.532867","USD","rvYAfWj5gh67oV6fW32ZzP3Aw4Eubs59B","3002430.982080721","2016-06-14T00:12:10Z","2016-06-16T23:59:40Z","2016-06-14T00:00:00Z","NaN"
"0.0066190322","0.0071579613","0.0064138856","0.0067713686","0.0066558680","10059","XRP","","144296483.2677908","USD","rvYAfWj5gh67oV6fW32ZzP3Aw4Eubs59B","960418.3429025232","2016-06-17T00:00:32Z","2016-06-19T23:56:31Z","2016-06-17T00:00:00Z","NaN"
"0.0067780727","0.0069631235","0.0057791399","0.0064192823","0.0063445846","14626","XRP","","326448100.0653552","USD","rvYAfWj5gh67oV6fW32ZzP3Aw4Eubs59B","2071177.576504819","2016-06-20T00:02:00Z","2016-06-22T23:58:12Z","2016-06-20T00:00:00Z","NaN"
"0.0064565517","0.0075089999","0.0052499999","0.0062898154","0.0063475650","11284","XRP","","227833272.5747535","USD","rvYAfWj5gh67oV6fW32ZzP3Aw4Eubs59B","1446186.510202825","2016-06-23T00:00:02Z","2016-06-25T23:56:42Z","2016-06-23T00:00:00Z","NaN"
"0.0062911545","0.0071217329","0.0062590268","0.0068701034","0.0065178267","7687","XRP","","165457569.3568606","USD","rvYAfWj5gh67oV6fW32ZzP3Aw4Eubs59B","1078423.758238008","2016-06-26T00:10:50Z","2016-06-28T23:59:50Z","2016-06-26T00:00:00Z","NaN"
"0.0068706987","0.0069646883","0.0065089420","0.0068243259","0.0066829144","5865","XRP","","106846674.0790429","USD","rvYAfWj5gh67oV6fW32ZzP3Aw4Eubs59B","714047.1776840541","2016-06-29T00:00:31Z","2016-07-01T23:59:21Z","2016-06-29T00:00:00Z","NaN"
"0.0068487999","0.0068487999","0.0065499999","0.0066844441","0.0066847462","3987","XRP","","43268143.98894494","USD","rvYAfWj5gh67oV6fW32ZzP3Aw4Eubs59B","289236.5600881082","2016-07-02T00:00:53Z","2016-07-04T23:45:30Z","2016-07-02T00:00:00Z","NaN"
"0.0066969719","0.0067204214","0.0062560853","0.0064102563","0.0064567278","3718","XRP","","65028683.85431302","USD","rvYAfWj5gh67oV6fW32ZzP3Aw4Eubs59B","419872.5120545193","2016-07-05T00:13:30Z","2016-07-07T23:51:32Z","2016-07-05T00:00:00Z","NaN"
"0.0064757809","0.0066385157","0.0063677835","0.0064168269","0.0064770717","2842","XRP","","58442567.50841492","USD","rvYAfWj5gh67oV6fW32ZzP3Aw4Eubs59B","378536.7016605519","2016-07-08T00:02:42Z","2016-07-10T23:52:21Z","2016-07-08T00:00:00Z","NaN"
"0.0063893938","0.0065009999","0.0062576484","0.0063830944","0.0063547552","3562","XRP","","87482552.07593289","USD","rvYAfWj5gh67oV6fW32ZzP3Aw4Eubs59B","555930.1997234212","2016-07-11T00:01:51Z","2016-07-13T23:57:41Z","2016-07-11T00:00:00Z","NaN"
"0.0063801276","0.0065829308","0.0062888401","0.0065829308","0.0064024399","2604","XRP","","63721366.88970901","USD","rvYAfWj5gh67oV6fW32ZzP3Aw4Eubs59B","407972.2233940448","2016-07-14T00:00:50Z","2016-07-16T23:57:51Z","2016-07-14T00:00:00Z","NaN"
"0.0065860752","0.0066022553","0.0063800878","0.0064298179","0.0064737804","1512","XRP","","33445877.32240703","USD","rvYAfWj5gh67oV6fW32ZzP3Aw4Eubs59B","216521.2658524525","2016-07-17T00:00:40Z","2016-07-19T23:59:50Z","2016-07-17T00:00:00Z","NaN"
"0.0064186205","0.0064534071","0.0062159989","0.0062560999","0.0063705040","4908","XRP","","65174365.11634009","USD","rvYAfWj5gh67oV6fW32ZzP3Aw4Eubs59B","415193.5543088843","2016-07-20T00:00:41Z","2016-07-22T23:56:51Z","2016-07-20T00:00:00Z","NaN"
"0.0062634176","0.0063233570","0.0060135295","0.0061020043","0.0061892983","2682","XRP","","41347988.5513351","USD","rvYAfWj5gh67oV6fW32ZzP3Aw4Eubs59B","255915.0344357448","2016-07-23T00:08:20Z","2016-07-25T23:36:51Z","2016-07-23T00:00:00Z","NaN"
"0.0060859868","0.0061184904","0.0057870370","0.0059085781","0.0059150076","8546","XRP","","175687731.1750963","USD","rvYAfWj5gh67oV6fW32ZzP3Aw4Eubs59B","1039194.26703737","2016-07-26T00:49:10Z","2016-07-28T23:55:21Z","2016-07-26T00:00:00Z","NaN"
"0.0059094237","0.0061349128","0.0058162992","0.0058320730","0.0059953545","3726","XRP","","81603512.30066797","USD","rvYAfWj5gh67oV6fW32ZzP3Aw4Eubs59B","489241.9838380177","2016-07-29T00:11:12Z","2016-07-31T23:54:40Z","2016-07-29T00:00:00Z","NaN"
"0.0058310727","0.0059879999","0.0053154020","0.0056701605","0.0056757426","8845","XRP","","180191404.8043149","USD","rvYAfWj5gh67oV6fW32ZzP3Aw4Eubs59B","1022720.023682197","2016-08-01T00:08:11Z","2016-08-03T23:34:10Z","2016-08-01T00:00:00Z","NaN"
"0.0056662232","0.0064999999","0.0056411878","0.0064428873","0.0060530605","8600","XRP","","126619093.811408","USD","rvYAfWj5gh67oV6fW32ZzP3Aw4Eubs59B","766433.0319875694","2016-08-04T00:02:00Z","2016-08-06T23:58:51Z","2016-08-04T00:00:00Z","NaN"
"0.0064158003","0.0064771351","0.0059523809","0.0061542185","0.0061377008","7135","XRP","","120877686.206676","USD","rvYAfWj5gh67oV6fW32ZzP3Aw4Eubs59B","741911.0694815725","2016-08-07T00:00:01Z","2016-08-09T23:58:20Z","2016-08-07T00:00:00Z","NaN"
"0.0061640657","0.0062674919","0.0059600022","0.0060948332","0.0061716248","3681","XRP","","58383918.77105501","USD","rvYAfWj5gh67oV6fW32ZzP3Aw4Eubs59B","360323.6381963269","2016-08-10T00:01:20Z","2016-08-12T23:53:11Z","2016-08-10T00:00:00Z","NaN"
"0.0060862348","0.0062474999","0.0059614999","0.0060424207","0.0060512099","3282","XRP","","52897358.04738998","USD","rvYAfWj5gh67oV6fW32ZzP3Aw4Eubs59B","320093.0160325259","2016-08-13T00:08:01Z","2016-08-15T23:57:50Z","2016-08-13T00:00:00Z","NaN"
"0.0060049999","0.0062499374","0.0059576799","0.0060570578","0.0060986639","7859","XRP","","118140680.5882169","USD","rvYAfWj5gh67oV6fW32ZzP3Aw4Eubs59B","720500.3080143395","2016-08-16T00:01:02Z","2016-08-18T23:46:02Z","2016-08-16T00:00:00Z","NaN"
"0.0060276999","0.0062111800","0.0060001407","0.0060347962","0.0060854753","3949","XRP","","50509808.44800806","USD","rvYAfWj5gh67oV6fW32ZzP3Aw4Eubs59B","307376.1932919146","2016-08-19T00:15:32Z","2016-08-21T23:39:42Z","2016-08-19T00:00:00Z","NaN"
"0.0060309999","0.0060701348","0.0058354583","0.0060229881","0.0059706626","4876","XRP","","84479785.05900896","USD","rvYAfWj5gh67oV6fW32ZzP3Aw4Eubs59B","504400.2924603238","2016-08-22T00:06:31Z","2016-08-24T23:58:41Z","2016-08-22T00:00:00Z","NaN"
"0.0060229881","0.0060862443","0.0058829583","0.0059166640","0.0060114062","2126","XRP","","42325400.77515195","USD","rvYAfWj5gh67oV6fW32ZzP3Aw4Eubs59B","254435.1749977457","2016-08-25T00:00:21Z","2016-08-27T23:40:10Z","2016-08-25T00:00:00Z","NaN"
"0.0059263331","0.0061349692","0.0058498989","0.0059696601","0.0059731791","4963","XRP","","83834977.54059485","USD","rvYAfWj5gh67oV6fW32ZzP3Aw4Eubs59B","500761.3396920019","2016-08-28T01:02:21Z","2016-08-30T23:59:41Z","2016-08-28T00:00:00Z","NaN"
"0.0059703248","0.0061349692","0.0058370575","0.0058980745","0.0059349235","3656","XRP","","64962564.09586395","USD","rvYAfWj5gh67oV6fW32ZzP3Aw4Eubs59B","385547.8491668649","2016-08-31T00:02:00Z","2016-09-02T23:59:32Z","2016-08-31T00:00:00Z","NaN"
"0.0058980745","0.0059575285","0.0057673244","0.0059051150","0.0058776564","5118","XRP","","81799220.94482213","USD","rvYAfWj5gh67oV6fW32ZzP3Aw4Eubs59B","480787.7140063171","2016-09-03T00:00:22Z","2016-09-05T23:57:41Z","2016-09-03T00:00:00Z","NaN"
"0.0058946709","0.0059338841","0.0057549999","0.0058175279","0.0058450889","5492","XRP","","93858380.56897706","USD","rvYAfWj5gh67oV6fW32ZzP3Aw4Eubs59B","548610.5802664314","2016-09-06T00:01:10Z","2016-09-08T23:56:21Z","2016-09-06T00:00:00Z","NaN"
"0.0058175279","0.0058823529","0.0057668094","0.0058166021","0.0058227765","3678","XRP","","92455683.94955094","USD","rvYAfWj5gh67oV6fW32ZzP3Aw4Eubs59B","538348.7803774667","2016-09-09T00:02:22Z","2016-09-11T23:59:01Z","2016-09-09T00:00:00Z","NaN"
"0.0058166021","0.0060198999","0.0057971397","0.0059836052","0.0058725136","5373","XRP","","135124740.3932189","USD","rvYAfWj5gh67oV6fW32ZzP3Aw4Eubs59B","793521.8750701605","2016-09-12T00:00:30Z","2016-09-14T23:32:01Z","2016-09-12T00:00:00Z","NaN"
"0.0059835973","0.0092307691","0.0059602999","0.0070225847","0.0076771246","21393","XRP","","294918870.7265369","USD","rvYAfWj5gh67oV6fW32ZzP3Aw4Eubs59B","2264128.915376514","2016-09-15T00:23:41Z","2016-09-17T23:58:22Z","2016-09-15T00:00:00Z","NaN"
"0.0070225847","0.0073379534","0.0066152970","0.0067567567","0.0068999119","9908","XRP","","117268005.641786","USD","rvYAfWj5gh67oV6fW32ZzP3Aw4Eubs59B","809138.9083605501","2016-09-18T00:00:21Z","2016-09-20T23:59:41Z","2016-09-18T00:00:00Z","NaN"
"0.0067700743","0.0074973218","0.0066956812","0.0072805716","0.0069801129","7150","XRP","","107813502.1353798","USD","rvYAfWj5gh67oV6fW32ZzP3Aw4Eubs59B","752550.4198307348","2016-09-21T00:00:32Z","2016-09-23T23:59:50Z","2016-09-21T00:00:00Z","NaN"
"0.0072797678","0.0090826520","0.0071236252","0.0077826999","0.0080262868","11380","XRP","","151142881.2694782","USD","rvYAfWj5gh67oV6fW32ZzP3Aw4Eubs59B","1213116.118218378","2016-09-24T00:00:01Z","2016-09-26T23:58:51Z","2016-09-24T00:00:00Z","NaN"
"0.0077700999","0.0092506937","0.0076879999","0.0089466962","0.0085811653","12994","XRP","","188390728.7450922","USD","rvYAfWj5gh67oV6fW32ZzP3Aw4Eubs59B","1616611.97610109","2016-09-27T00:00:32Z","2016-09-29T23:59:51Z","2016-09-27T00:00:00Z","NaN"
"0.0089466962","0.0094456735","0.0078609905","0.0081050809","0.0085528847","12403","XRP","","324195644.5057807","USD","rvYAfWj5gh67oV6fW32ZzP3Aw4Eubs59B","2772807.980286138","2016-09-30T00:00:00Z","2016-10-02T23:59:42Z","2016-09-30T00:00:00Z","NaN"
"0.0080682865","0.0082791235","0.0071938098","0.0072984239","0.0077523860","8763","XRP","","243369296.380815","USD","rvYAfWj5gh67oV6fW32ZzP3Aw4Eubs59B","1886692.719497056","2016-10-03T00:01:12Z","2016-10-05T23:59:10Z","2016-10-03T00:00:00Z","NaN"
"0.0073026687","0.0075718768","0.0071095603","0.0072557333","0.0073065095","7745","XRP","","299864389.5510042","USD","rvYAfWj5gh67oV6fW32ZzP3Aw4Eubs59B","2190962.023742082","2016-10-06T00:00:20Z","2016-10-08T23:59:42Z","2016-10-06T00:00:00Z","NaN"
"0.0072547213","0.0085345682","0.0072290528","0.0077049576","0.0078279323","14187","XRP","","419327052.472343","USD","rvYAfWj5gh67oV6fW32ZzP3Aw4Eubs59B","3282463.779793384","2016-10-09T00:00:02Z","2016-10-11T23:59:01Z","2016-10-09T00:00:00Z","NaN"
"0.0077011940","0.0082729953","0.0076107818","0.0080841259","0.0078276406","9948","XRP","","218956827.5800454","USD","rvYAfWj5gh67oV6fW32ZzP3Aw4Eubs59B","1713915.359736451","2016-10-12T00:00:20Z","2016-10-14T23:59:40Z","2016-10-12T00:00:00Z","NaN"
"0.0080776999","0.0082499999","0.0077846141","0.0079226321","0.0079497841","3868","XRP","","120477068.862406","USD","rvYAfWj5gh67oV6fW32ZzP3Aw4Eubs59B","957766.6914937603","2016-10-15T00:00:10Z","2016-10-17T23:58:02Z","2016-10-15T00:00:00Z","NaN"
"0.0079198097","0.0092201999","0.0079166316","0.0090930822","0.0084264813","9306","XRP","","307712951.3742708","USD","rvYAfWj5gh67oV6fW32ZzP3Aw4Eubs59B","2592937.440941116","2016-10-18T00:19:50Z","2016-10-20T23:59:12Z","2016-10-18T00:00:00Z","NaN"
"0.0090900776","0.0091575090","0.0085718483","0.0088986846","0.0087974344","4491","XRP","","125705303.1340722","USD","rvYAfWj5gh67oV6fW32ZzP3Aw4Eubs59B","1105884.160602553","2016-10-21T00:00:11Z","2016-10-23T23:52:40Z","2016-10-21T00:00:00Z","NaN"
"0.0088106386","0.0090670652","0.0085041266","0.0085830084","0.0087694045","6057","XRP","","213504264.0173679","USD","rvYAfWj5gh67oV6fW32ZzP3Aw4Eubs59B","1872305.261959364","2016-10-24T00:00:10Z","2016-10-26T23:56:51Z","2016-10-24T00:00:00Z","NaN"
"0.0085815996","0.0086894389","0.0073636317","0.0077119433","0.0080698371","8713","XRP","","303185065.4158958","USD","rvYAfWj5gh67oV6fW32ZzP3Aw4Eubs59B","2446654.089175672","2016-10-27T00:00:41Z","2016-10-29T23:59:10Z","2016-10-27T00:00:00Z","NaN"
"0.0077173772","0.0083371621","0.0076595876","0.0079769140","0.0080690203","2802","XRP","","180640804.1141079","USD","rvYAfWj5gh67oV6fW32ZzP3Aw4Eubs59B","1457594.310662015","2016-10-30T00:00:10Z","2016-11-01T23:56:50Z","2016-10-30T00:00:00Z","NaN"
"0.0079769140","0.0082896951","0.0079378319","0.0081763999","0.0080863219","3763","XRP","","345291047.2652754","USD","rvYAfWj5gh67oV6fW32ZzP3Aw4Eubs59B","2792134.540874522","2016-11-02T00:15:40Z","2016-11-04T23:58:52Z","2016-11-02T00:00:00Z","NaN"
"0.0081594983","0.0083075999","0.0078499999","0.0081474155","0.0080893805","4200","XRP","","145636657.8702018","USD","rvYAfWj5gh67oV6fW32ZzP3Aw4Eubs59B","1178110.336381196","2016-11-05T00:02:01Z","2016-11-07T23:59:12Z","2016-11-05T00:00:00Z","NaN"
"0.0081483900","0.0083333332","0.0078162185","0.0080263964","0.0080729782","8027","XRP","","314010774.0651448","USD","rvYAfWj5gh67oV6fW32ZzP3Aw4Eubs59B","2535002.123617874","2016-11-08T00:06:40Z","2016-11-10T23:59:52Z","2016-11-08T00:00:00Z","NaN"
"0.0080256072","0.0081405138","0.0077968290","0.0080061461","0.0080126917","5135","XRP","","299925209.7112627","USD","rvYAfWj5gh67oV6fW32ZzP3Aw4Eubs59B","2403208.232112802","2016-11-11T00:00:01Z","2016-11-13T23:57:21Z","2016-11-11T00:00:00Z","NaN"
"0.0080233693","0.0080774070","0.0075778686","0.0076336140","0.0078427752","6235","XRP","","315496890.3368647","USD","rvYAfWj5gh67oV6fW32ZzP3Aw4Eubs59B","2474371.200674346","2016-11-14T00:00:20Z","2016-11-16T23:57:30Z","2016-11-14T00:00:00Z","NaN"
"0.0076504319","0.0078760557","0.0075176150","0.0076639766","0.0076696396","6135","XRP","","331503838.1143571","USD","rvYAfWj5gh67oV6fW32ZzP3Aw4Eubs59B","2542514.95441134","2016-11-17T00:02:22Z","2016-11-19T23:25:02Z","2016-11-17T00:00:00Z","NaN"
"0.0076424023","0.0076927350","0.0072504481","0.0072861499","0.0074675873","6565","XRP","","378184308.3639029","USD","rvYAfWj5gh67oV6fW32ZzP3Aw4Eubs59B","2824124.352320211","2016-11-20T00:03:11Z","2016-11-22T23:59:41Z","2016-11-20T00:00:00Z","NaN"
"0.0072876672","0.0072992700","0.0067277977","0.0068140999","0.0069638525","10128","XRP","","402174215.4012977","USD","rvYAfWj5gh67oV6fW32ZzP3Aw4Eubs59B","2800681.897199895","2016-11-23T00:00:50Z","2016-11-25T23:59:01Z","2016-11-23T00:00:00Z","NaN"
"0.0068010455","0.0070022999","0.0066909501","0.0067619809","0.0067940365","2818","XRP","","121540785.004386","USD","rvYAfWj5gh67oV6fW32ZzP3Aw4Eubs59B","825752.532902592","2016-11-26T00:01:41Z","2016-11-28T23:57:42Z","2016-11-26T00:00:00Z","NaN"
"0.0067645466","0.0067933397","0.0065840102","0.0066431993","0.0067042328","3009","XRP","","321732495.6883003","USD","rvYAfWj5gh67oV6fW32ZzP3Aw4Eubs59B","2156969.565385588","2016-11-29T00:10:41Z","2016-12-01T23:59:30Z","2016-11-29T00:00:00Z","NaN"
"0.0066431993","0.0072463767","0.0063775509","0.0064821416","0.0065430013","4567","XRP","","244665884.4488918","USD","rvYAfWj5gh67oV6fW32ZzP3Aw4Eubs59B","1600849.193994991","2016-12-02T00:00:30Z","2016-12-04T23:57:31Z","2016-12-02T00:00:00Z","NaN"
"0.0064410171","0.0071886607","0.0063239582","0.0071385298","0.0065913334","3182","XRP","","342495564.6413629","USD","rvYAfWj5gh67oV6fW32ZzP3Aw4Eubs59B","2257502.450582509","2016-12-05T00:02:12Z","2016-12-07T23:59:32Z","2016-12-05T00:00:00Z","NaN"
"0.0071089476","0.0073159607","0.0066890062","0.0067525012","0.0069776681","6243","XRP","","488172771.6959529","USD","rvYAfWj5gh67oV6fW32ZzP3Aw4Eubs59B","3406307.588065606","2016-12-08T00:00:21Z","2016-12-10T23:38:00Z","2016-12-08T00:00:00Z","NaN"
"0.0067318258","0.0068298486","0.0065573770","0.0067760576","0.0067018535","6263","XRP","","407489106.8997213","USD","rvYAfWj5gh67oV6fW32ZzP3Aw4Eubs59B","2730932.282778399","2016-12-11T00:05:40Z","2016-12-13T23:57:11Z","2016-12-11T00:00:00Z","NaN"
"0.0067535753","0.0069009893","0.0065359476","0.0065953253","0.0066796820","7265","XRP","","384672096.2566451","USD","rvYAfWj5gh67oV6fW32ZzP3Aw4Eubs59B","2569487.278935787","2016-12-14T00:00:50Z","2016-12-16T23:59:32Z","2016-12-14T00:00:00Z","NaN"
"0.0065933560","0.0066577895","0.0064000999","0.0065579979","0.0065205724","2677","XRP","","277098722.1443509","USD","rvYAfWj5gh67oV6fW32ZzP3Aw4Eubs59B","1806842.277143802","2016-12-17T00:00:52Z","2016-12-19T23:56:11Z","2016-12-17T00:00:00Z","NaN"
"0.0065540030","0.0065906999","0.0061467236","0.0064061019","0.0063807294","5358","XRP","","606462779.4499214","USD","rvYAfWj5gh67oV6fW32ZzP3Aw4Eubs59B","3869674.909291339","2016-12-20T00:04:31Z","2016-12-22T23:59:50Z","2016-12-20T00:00:00Z","NaN"
"0.0064086271","0.0065359476","0.0042717214","0.0063138999","0.0062738423","5433","XRP","","594150425.1899331","USD","rvYAfWj5gh67oV6fW32ZzP3Aw4Eubs59B","3727606.07837289","2016-12-23T00:01:10Z","2016-12-25T23:59:30Z","2016-12-23T00:00:00Z","NaN"
"0.0063899686","0.0064896174","0.0059574499","0.0062111571","0.0061836800","3991","XRP","","390690768.1719817","USD","rvYAfWj5gh67oV6fW32ZzP3Aw4Eubs59B","2415906.670811852","2016-12-26T00:00:41Z","2016-12-28T23:57:12Z","2016-12-26T00:00:00Z","NaN"
"0.0061925481","0.0064999999","0.0061045441","0.0064610048","0.0063274390","1409","XRP","","123673880.7676831","USD","rvYAfWj5gh67oV6fW32ZzP3Aw4Eubs59B","782538.9323183855","2016-12-29T00:00:30Z","2016-12-31T23:58:50Z","2016-12-29T00:00:00Z","NaN"
"0.0064610048","0.0065061808","0.0061490143","0.0064408283","0.0062788174","1110","XRP","","143328949.960651","USD","rvYAfWj5gh67oV6fW32ZzP3Aw4Eubs59B","899936.3009369313","2017-01-01T00:20:12Z","2017-01-03T23:16:40Z","2017-01-01T00:00:00Z","NaN"
"0.0064010999","0.0067001004","0.0056585682","0.0062740131","0.0061826774","9371","XRP","","465103152.9218946","USD","rvYAfWj5gh67oV6fW32ZzP3Aw4Eubs59B","2875582.757403028","2017-01-04T00:10:02Z","2017-01-06T23:59:42Z","2017-01-04T00:00:00Z","NaN"
"0.0063099444","0.0063769999","0.0060060059","0.0060544039","0.0061664307","3258","XRP","","84036216.69083312","USD","rvYAfWj5gh67oV6fW32ZzP3Aw4Eubs59B","518203.5072761039","2017-01-07T00:00:20Z","2017-01-09T23:59:41Z","2017-01-07T00:00:00Z","NaN"
"0.0060550427","0.0068027210","0.0060416621","0.0063506603","0.0064455416","14989","XRP","","220045370.0212277","USD","rvYAfWj5gh67oV6fW32ZzP3Aw4Eubs59B","1418311.592170231","2017-01-10T00:03:22Z","2017-01-12T23:58:41Z","2017-01-10T00:00:00Z","NaN"
"0.0063538743","0.0068130434","0.0063291138","0.0066951899","0.0065450777","3061","XRP","","40798723.28605697","USD","rvYAfWj5gh67oV6fW32ZzP3Aw4Eubs59B","267030.8150210094","2017-01-13T00:00:00Z","2017-01-15T23:44:42Z","2017-01-13T00:00:00Z","NaN"
"0.0066967472","0.0068599999","0.0064513664","0.0067380984","0.0066590580","2584","XRP","","56724035.09494203","USD","rvYAfWj5gh67oV6fW32ZzP3Aw4Eubs59B","377728.6378098366","2017-01-16T00:20:30Z","2017-01-18T23:59:40Z","2017-01-16T00:00:00Z","NaN"
"0.0067380984","0.0067554845","0.0065373891","0.0067120356","0.0066550449","1324","XRP","","28411066.126128","USD","rvYAfWj5gh67oV6fW32ZzP3Aw4Eubs59B","189076.9198909006","2017-01-19T00:00:01Z","2017-01-21T23:54:10Z","2017-01-19T00:00:00Z","NaN"
"0.0067096905","0.0067244793","0.0064860363","0.0064913530","0.0065972344","609","XRP","","12333588.09192699","USD","rvYAfWj5gh67oV6fW32ZzP3Aw4Eubs59B","81367.57117824712","2017-01-22T00:49:21Z","2017-01-24T23:46:31Z","2017-01-22T00:00:00Z","NaN"
"0.0064956570","0.0065886384","0.0061990073","0.0063538882","0.0063656341","1352","XRP","","35469445.31490299","USD","rvYAfWj5gh67oV6fW32ZzP3Aw4Eubs59B","225785.5106117585","2017-01-25T01:01:31Z","2017-01-27T22:21:31Z","2017-01-25T00:00:00Z","NaN"
"0.0063127916","0.0063860213","0.0062429766","0.0063799502","0.0063298418","408","XRP","","8655480.994835006","USD","rvYAfWj5gh67oV6fW32ZzP3Aw4Eubs59B","54787.82528843563","2017-01-28T03:04:00Z","2017-01-30T23:33:01Z","2017-01-28T00:00:00Z","NaN"
"0.0063802491","0.0066079999","0.0061728394","0.0063996137","0.0063897166","1367","XRP","","39209345.14731","USD","rvYAfWj5gh67oV6fW32ZzP3Aw4Eubs59B","250536.6049666684","2017-01-31T00:03:51Z","2017-02-02T22:58:01Z","2017-01-31T00:00:00Z","NaN"
"0.0064057755","0.0064818904","0.0062821122","0.0063549434","0.0063638307","565","XRP","","15476713.319514","USD","rvYAfWj5gh67oV6fW32ZzP3Aw4Eubs59B","98491.1829122485","2017-02-03T00:23:41Z","2017-02-05T22:20:01Z","2017-02-03T00:00:00Z","NaN"
"0.0063544988","0.0064478860","0.0062051952","0.0063563329","0.0063500913","1083","XRP","","19210743.722231","USD","rvYAfWj5gh67oV6fW32ZzP3Aw4Eubs59B","121989.9756514637","2017-02-06T01:03:00Z","2017-02-08T23:29:11Z","2017-02-06T00:00:00Z","NaN"
"0.0063799473","0.0064040172","0.0061349692","0.0062862816","0.0062669740","1156","XRP","","24154262.87291302","USD","rvYAfWj5gh67oV6fW32ZzP3Aw4Eubs59B","151374.1379755053","2017-02-09T00:58:11Z","2017-02-11T15:07:11Z","2017-02-09T00:00:00Z","NaN"
"0.0062797392","0.0063468999","0.0061806341","0.0062371130","0.0062616398","382","XRP","","7530061.870491001","USD","rvYAfWj5gh67oV6fW32ZzP3Aw4Eubs59B","47150.5348272766","2017-02-12T06:23:32Z","2017-02-14T21:48:41Z","2017-02-12T00:00:00Z","NaN"
"0.0062150403","0.0062486616","0.0058931999","0.0058931999","0.0060483052","1500","XRP","","33863253.64697501","USD","rvYAfWj5gh67oV6fW32ZzP3Aw4Eubs59B","204815.2941262961","2017-02-15T01:30:21Z","2017-02-17T23:51:50Z","2017-02-15T00:00:00Z","NaN"
"0.0059320060","0.0060986999","0.0053631648","0.0059117829","0.0057882362","1615","XRP","","30680016.76055","USD","rvYAfWj5gh67oV6fW32ZzP3Aw4Eubs59B","177583.1830540469","2017-02-18T00:16:20Z","2017-02-20T23:44:12Z","2017-02-18T00:00:00Z","NaN"
"0.0058527655","0.0059169408","0.0056969486","0.0058561205","0.0058418528","1215","XRP","","30183047.28800806","USD","rvYAfWj5gh67oV6fW32ZzP3Aw4Eubs59B","176324.9187672073","2017-02-21T00:05:21Z","2017-02-23T23:59:40Z","2017-02-21T00:00:00Z","NaN"
"0.0058743172","0.0059168649","0.0055187719","0.0056622672","0.0057113902","1371","XRP","","49926938.70874901","USD","rvYAfWj5gh67oV6fW32ZzP3Aw4Eubs59B","285152.2302266752","2017-02-24T00:00:20Z","2017-02-26T23:25:22Z","2017-02-24T00:00:00Z","NaN"
"0.0056587372","0.0058900000","0.0052894834","0.0053557946","0.0055148422","2970","XRP","","115954873.622846","USD","rvYAfWj5gh67oV6fW32ZzP3Aw4Eubs59B","639472.8266178635","2017-02-27T00:21:01Z","2017-03-01T23:59:21Z","2017-02-27T00:00:00Z","NaN"
"0.0053557946","0.0065248098","0.0053422772","0.0062014999","0.0059954912","4315","XRP","","102672941.512415","USD","rvYAfWj5gh67oV6fW32ZzP3Aw4Eubs59B","615574.713875987","2017-03-02T00:00:31Z","2017-03-04T23:59:40Z","2017-03-02T00:00:00Z","NaN"
"0.0061911381","0.0067549173","0.0059273176","0.0067149561","0.0061783039","2744","XRP","","88107663.03113209","USD","rvYAfWj5gh67oV6fW32ZzP3Aw4Eubs59B","544355.9211994206","2017-03-05T00:05:30Z","2017-03-07T23:59:50Z","2017-03-05T00:00:00Z","NaN"
"0.0066920675","0.0068415384","0.0060402037","0.0062920500","0.0064296743","4851","XRP","","103808062.0889731","USD","rvYAfWj5gh67oV6fW32ZzP3Aw4Eubs59B","667452.0307085977","2017-03-08T00:06:21Z","2017-03-10T23:59:20Z","2017-03-08T00:00:00Z","NaN"
"0.0062671201","0.0064392092","0.0059350876","0.0063641999","0.0061971251","3020","XRP","","91989838.82186198","USD","rvYAfWj5gh67oV6fW32ZzP3Aw4Eubs59B","570072.5377247401","2017-03-11T00:00:00Z","2017-03-13T23:57:51Z","2017-03-11T00:00:00Z","NaN"
"0.0063420733","0.0063922138","0.0060269999","0.0062926468","0.0062138848","2332","XRP","","74145530.844073","USD","rvYAfWj5gh67oV6fW32ZzP3Aw4Eubs59B","460731.7842757978","2017-03-14T00:01:42Z","2017-03-16T23:58:30Z","2017-03-14T00:00:00Z","NaN"
"0.0062926468","0.0071999999","0.0056999999","0.0066772519","0.0062945824","2927","XRP","","84424737.63029096","USD","rvYAfWj5gh67oV6fW32ZzP3Aw4Eubs59B","531418.4682376957","2017-03-17T00:06:01Z","2017-03-19T23:58:20Z","2017-03-17T00:00:00Z","NaN"
"0.0066772519","0.0073899999","0.0062499999","0.0071734853","0.0068888458","4489","XRP","","104544455.740604","USD","rvYAfWj5gh67oV6fW32ZzP3Aw4Eubs59B","720190.6332216538","2017-03-20T00:00:21Z","2017-03-22T23:59:30Z","2017-03-20T00:00:00Z","NaN"
"0.0071439999","0.010905100","0.0071439999","0.0086909825","0.0093190465","8812","XRP","","202280195.9101852","USD","rvYAfWj5gh67oV6fW32ZzP3Aw4Eubs59B","1885058.546583891","2017-03-23T00:24:40Z","2017-03-25T23:55:11Z","2017-03-23T00:00:00Z","NaN"
"0.0088617720","0.0099068888","0.0088239415","0.0094428964","0.0093356021","3624","XRP","","82507666.02706905","USD","rvYAfWj5gh67oV6fW32ZzP3Aw4Eubs59B","770258.7432951124","2017-03-26T00:01:10Z","2017-03-28T23:48:40Z","2017-03-26T00:00:00Z","NaN"
"0.0094718999","0.021456463","0.0093774881","0.021008403","0.014838941","12640","XRP","","182545366.8013173","USD","rvYAfWj5gh67oV6fW32ZzP3Aw4Eubs59B","2708779.882231791","2017-03-29T00:00:12Z","2017-03-31T23:59:50Z","2017-03-29T00:00:00Z","NaN"
"0.021180600","0.064999999","0.019230769","0.029673590","0.036041209","19011","XRP","","161203075.2572101","USD","rvYAfWj5gh67oV6fW32ZzP3Aw4Eubs59B","5809953.791206092","2017-04-01T00:00:01Z","2017-04-03T23:59:51Z","2017-04-01T00:00:00Z","NaN"
"0.029673590","0.040999999","0.027142000","0.033063487","0.035028625","11593","XRP","","109966682.9099111","USD","rvYAfWj5gh67oV6fW32ZzP3Aw4Eubs59B","3851981.672896693","2017-04-04T00:00:21Z","2017-04-06T23:54:22Z","2017-04-04T00:00:00Z","NaN"
"0.032505672","0.038000000","0.029288428","0.034171657","0.034180164","5396","XRP","","59670252.4837921","USD","rvYAfWj5gh67oV6fW32ZzP3Aw4Eubs59B","2039539.024945726","2017-04-07T00:02:20Z","2017-04-09T23:58:02Z","2017-04-07T00:00:00Z","NaN"
"0.034427931","0.035733746","0.032242047","0.034368900","0.033791456","3201","XRP","","42466351.44650301","USD","rvYAfWj5gh67oV6fW32ZzP3Aw4Eubs59B","1434999.850472256","2017-04-10T00:11:40Z","2017-04-12T23:59:52Z","2017-04-10T00:00:00Z","NaN"
"0.034367700","0.035533418","0.033125264","0.033678907","0.033981155","1768","XRP","","26425646.840917","USD","rvYAfWj5gh67oV6fW32ZzP3Aw4Eubs59B","897974.0051200672","2017-04-13T00:00:31Z","2017-04-15T23:58:11Z","2017-04-13T00:00:00Z","NaN"
"0.033843493","0.033843493","0.031652136","0.032791011","0.032800411","2241","XRP","","19474693.62624402","USD","rvYAfWj5gh67oV6fW32ZzP3Aw4Eubs59B","638777.9465780483","2017-04-16T00:03:22Z","2017-04-18T23:54:51Z","2017-04-16T00:00:00Z","NaN"
"0.032819845","0.033800000","0.026385224","0.032877307","0.030252510","7319","XRP","","60689317.38238992","USD","rvYAfWj5gh67oV6fW32ZzP3Aw4Eubs59B","1836004.183373652","2017-04-19T00:05:31Z","2017-04-21T23:58:40Z","2017-04-19T00:00:00Z","NaN"
"0.032840022","0.033463560","0.030788177","0.031420647","0.031697719","1576","XRP","","20559232.50969001","USD","rvYAfWj5gh67oV6fW32ZzP3Aw4Eubs59B","651680.7736470065","2017-04-22T00:01:11Z","2017-04-24T23:42:32Z","2017-04-22T00:00:00Z","NaN"
"0.031557836","0.035651288","0.031355100","0.035180000","0.033236178","2783","XRP","","34662078.64072899","USD","rvYAfWj5gh67oV6fW32ZzP3Aw4Eubs59B","1152035.0096746","2017-04-25T00:13:42Z","2017-04-27T23:58:11Z","2017-04-25T00:00:00Z","NaN"
"0.035180000","0.058596130","0.035125840","0.051690874","0.046975246","10727","XRP","","78037019.0710859","USD","rvYAfWj5gh67oV6fW32ZzP3Aw4Eubs59B","3665808.17029499","2017-04-28T00:00:50Z","2017-04-30T23:54:51Z","2017-04-28T00:00:00Z","NaN"
"0.051184650","0.061571999","0.049591209","0.060499999","0.054683051","7207","XRP","","47680831.09322703","USD","rvYAfWj5gh67oV6fW32ZzP3Aw4Eubs59B","2607333.333580974","2017-05-01T00:00:11Z","2017-05-03T23:59:52Z","2017-05-01T00:00:00Z","NaN"
"0.060586734","0.10412300","0.052099999","0.10085816","0.083695909","15744","XRP","","70124872.82391687","USD","rvYAfWj5gh67oV6fW32ZzP3Aw4Eubs59B","5869164.995580798","2017-05-04T00:00:02Z","2017-05-06T23:57:21Z","2017-05-04T00:00:00Z","NaN"
"0.10026828","0.21400000","0.096696019","0.15550808","0.14943885","22580","XRP","","69099830.73100108","USD","rvYAfWj5gh67oV6fW32ZzP3Aw4Eubs59B","10326198.9120883","2017-05-07T00:04:22Z","2017-05-09T23:59:30Z","2017-05-07T00:00:00Z","NaN"
"0.15698517","0.20653415","0.15000000","0.20451116","0.18168680","17154","XRP","","31817048.46919599","USD","rvYAfWj5gh67oV6fW32ZzP3Aw4Eubs59B","5780737.823173583","2017-05-10T00:00:11Z","2017-05-12T23:55:00Z","2017-05-10T00:00:00Z","NaN"
"0.20453014","0.25900000","0.19607843","0.25420131","0.22165503","13324","XRP","","29124415.81954499","USD","rvYAfWj5gh67oV6fW32ZzP3Aw4Eubs59B","6455573.129155456","2017-05-13T00:02:21Z","2017-05-15T23:59:52Z","2017-05-13T00:00:00Z","NaN"
"0.25900000","0.39372853","0.20100000","0.34813579","0.33390705","21947","XRP","","41261159.87294701","USD","rvYAfWj5gh67oV6fW32ZzP3Aw4Eubs59B","13777392.26520075","2017-05-16T00:00:00Z","2017-05-18T23:59:01Z","2017-05-16T00:00:00Z","NaN"
"0.34549754","0.37880000","0.27800100","0.32538837","0.32727161","15374","XRP","","22255579.812371","USD","rvYAfWj5gh67oV6fW32ZzP3Aw4Eubs59B","7283619.445151944","2017-05-19T00:00:40Z","2017-05-21T23:55:51Z","2017-05-19T00:00:00Z","NaN"
"0.32404498","0.35000000","0.26800000","0.28723499","0.30801783","12821","XRP","","21774840.168503","USD","rvYAfWj5gh67oV6fW32ZzP3Aw4Eubs59B","6707038.994245453","2017-05-22T00:02:31Z","2017-05-24T23:58:40Z","2017-05-22T00:00:00Z","NaN"
"0.28873491","0.32000000","0.13037809","0.21300000","0.25734392","8217","XRP","","18253652.55250596","USD","rvYAfWj5gh67oV6fW32ZzP3Aw4Eubs59B","4697466.549413161","2017-05-25T00:01:01Z","2017-05-27T23:59:41Z","2017-05-25T00:00:00Z","NaN"
"0.21796345","0.24689259","0.20023440","0.20494080","0.22699053","3189","XRP","","7975149.418286001","USD","rvYAfWj5gh67oV6fW32ZzP3Aw4Eubs59B","1810283.426487363","2017-05-28T00:00:01Z","2017-05-30T23:53:21Z","2017-05-28T00:00:00Z","NaN"
"0.20406790","0.33700000","0.19000000","0.29308581","0.28676387","10990","XRP","","19630128.45909603","USD","rvYAfWj5gh67oV6fW32ZzP3Aw4Eubs59B","5629211.67364919","2017-05-31T00:01:30Z","2017-06-02T23:57:12Z","2017-05-31T00:00:00Z","NaN"
"0.29334098","0.30999690","0.27037318","0.28666387","0.28762868","7754","XRP","","11734964.45859199","USD","rvYAfWj5gh67oV6fW32ZzP3Aw4Eubs59B","3375312.330524197","2017-06-05T23:59:40Z","2017-06-05T23:59:40Z","2017-06-03T00:00:00Z","NaN"
"0.28517700","0.29815149","0.24200000","0.28716870","0.28343645","10683","XRP","","15353247.033578","USD","rvYAfWj5gh67oV6fW32ZzP3Aw4Eubs59B","4351669.872604825","2017-06-08T23:46:11Z","2017-06-08T23:46:11Z","2017-06-06T00:00:00Z","NaN"
"0.28639650","0.29797315","0.25506600","0.27057819","0.27938577","5577","XRP","","7868370.689157998","USD","rvYAfWj5gh67oV6fW32ZzP3Aw4Eubs59B","2198310.832711223","2017-06-11T23:59:11Z","2017-06-11T23:59:11Z","2017-06-09T00:00:00Z","NaN"
"0.26922642","0.29986700","0.22800000","0.26168990","0.26047327","5408","XRP","","8326501.685619989","USD","rvYAfWj5gh67oV6fW32ZzP3Aw4Eubs59B","2168831.109217391","2017-06-14T23:56:10Z","2017-06-14T23:56:10Z","2017-06-12T00:00:00Z","NaN"
"0.26351610","0.27000000","0.21450000","0.25854600","0.24305913","3457","XRP","","5927214.529583997","USD","rvYAfWj5gh67oV6fW32ZzP3Aw4Eubs59B","1440663.603237506","2017-06-17T23:54:21Z","2017-06-17T23:54:21Z","2017-06-15T00:00:00Z","NaN"
"0.25688320","0.32101850","0.24010000","0.30817757","0.29803168","4341","XRP","","8507369.389117992","USD","rvYAfWj5gh67oV6fW32ZzP3Aw4Eubs59B","2535465.618169378","2017-06-20T23:58:31Z","2017-06-20T23:58:31Z","2017-06-18T00:00:00Z","NaN"
"0.30727682","0.30996000","0.25700969","0.29054700","0.28136012","10111","XRP","","12510346.73551402","USD","rvYAfWj5gh67oV6fW32ZzP3Aw4Eubs59B","3519912.615244457","2017-06-23T23:56:41Z","2017-06-23T23:56:41Z","2017-06-21T00:00:00Z","NaN"
"0.29049116","0.30212695","0.21990000","0.24964351","0.25840519","12041","XRP","","17686692.53856601","USD","rvYAfWj5gh67oV6fW32ZzP3Aw4Eubs59B","4570333.158812875","2017-06-26T23:59:41Z","2017-06-26T23:59:41Z","2017-06-24T00:00:00Z","NaN"
"0.25132731","0.27282414","0.22828340","0.25383236","0.25210387","11199","XRP","","14420854.96187801","USD","rvYAfWj5gh67oV6fW32ZzP3Aw4Eubs59B","3635553.405572619","2017-06-29T23:57:42Z","2017-06-29T23:57:42Z","2017-06-27T00:00:00Z","NaN"
"0.25409380","0.26035309","0.23605000","0.24866325","0.24727203","6070","XRP","","8742270.402650988","USD","rvYAfWj5gh67oV6fW32ZzP3Aw4Eubs59B","2161718.953105655","2017-07-02T23:58:01Z","2017-07-02T23:58:01Z","2017-06-30T00:00:00Z","NaN"
"0.24866325","0.25699780","0.23258139","0.24987882","0.24980802","4459","XRP","","6639565.571638005","USD","rvYAfWj5gh67oV6fW32ZzP3Aw4Eubs59B","1658616.707676395","2017-07-05T23:54:41Z","2017-07-05T23:54:41Z","2017-07-03T00:00:00Z","NaN"
"0.24978140","0.25160072","0.21270954","0.23108937","0.23273854","6614","XRP","","10789180.017569","USD","rvYAfWj5gh67oV6fW32ZzP3Aw4Eubs59B","2511057.957763999","2017-07-08T23:59:20Z","2017-07-08T23:59:20Z","2017-07-06T00:00:00Z","NaN"
"0.23126387","0.24024024","0.14470000","0.17550900","0.19282089","11341","XRP","","19821508.06504907","USD","rvYAfWj5gh67oV6fW32ZzP3Aw4Eubs59B","3822000.860594845","2017-07-11T23:41:21Z","2017-07-11T23:41:21Z","2017-07-09T00:00:00Z","NaN"
"0.17521390","0.21300100","0.16500000","0.18005000","0.18432893","5262","XRP","","10003384.34240999","USD","rvYAfWj5gh67oV6fW32ZzP3Aw4Eubs59B","1843913.103530835","2017-07-14T23:57:20Z","2017-07-14T23:57:20Z","2017-07-12T00:00:00Z","NaN"
"0.18005000","0.18408568","0.12657602","0.17160643","0.15430531","14601","XRP","","36535686.01109","USD","rvYAfWj5gh67oV6fW32ZzP3Aw4Eubs59B","5637650.35581604","2017-07-17T23:59:51Z","2017-07-17T23:59:51Z","2017-07-15T00:00:00Z","NaN"
"0.17178009","0.19738419","0.15770000","0.18801056","0.17373202","12583","XRP","","31568643.90840801","USD","rvYAfWj5gh67oV6fW32ZzP3Aw4Eubs59B","5484484.275664104","2017-07-20T23:59:12Z","2017-07-20T23:59:12Z","2017-07-18T00:00:00Z","NaN"
"0.18939184","0.20754368","0.18188280","0.19568000","0.19132024","8614","XRP","","16746850.308311","USD","rvYAfWj5gh67oV6fW32ZzP3Aw4Eubs59B","3204011.390351997","2017-07-23T23:54:00Z","2017-07-23T23:54:00Z","2017-07-21T00:00:00Z","NaN"
"0.19563801","0.19837308","0.16500000","0.17283532","0.18028105","4571","XRP","","9601848.577442005","USD","rvYAfWj5gh67oV6fW32ZzP3Aw4Eubs59B","1731031.377051868","2017-07-26T23:50:30Z","2017-07-26T23:50:30Z","2017-07-24T00:00:00Z","NaN"
"0.17233670","0.17696714","0.15470620","0.16663834","0.16483746","3547","XRP","","7560740.116446009","USD","rvYAfWj5gh67oV6fW32ZzP3Aw4Eubs59B","1246293.18724923","2017-07-29T23:59:52Z","2017-07-29T23:59:52Z","2017-07-27T00:00:00Z","NaN"
"0.16534086","0.18250000","0.15772259","0.17697136","0.16699731","5631","XRP","","9876548.629210003","USD","rvYAfWj5gh67oV6fW32ZzP3Aw4Eubs59B","1649357.017486894","2017-08-01T23:59:43Z","2017-08-01T23:59:43Z","2017-07-30T00:00:00Z","NaN"
"0.17603260","0.18197829","0.16822500","0.17563276","0.17371636","2656","XRP","","4684006.728779999","USD","rvYAfWj5gh67oV6fW32ZzP3Aw4Eubs59B","813688.5795162825","2017-08-04T23:35:40Z","2017-08-04T23:35:40Z","2017-08-02T00:00:00Z","NaN"
"0.17400977","0.19300943","0.16851000","0.17816430","0.18143010","4490","XRP","","7658976.778989995","USD","rvYAfWj5gh67oV6fW32ZzP3Aw4Eubs59B","1389568.946633461","2017-08-07T23:51:00Z","2017-08-07T23:51:00Z","2017-08-05T00:00:00Z","NaN"
"0.17808560","0.19824240","0.17700000","0.18002820","0.18630533","3972","XRP","","7936977.498142999","USD","rvYAfWj5gh67oV6fW32ZzP3Aw4Eubs59B","1478701.246688663","2017-08-10T23:46:01Z","2017-08-10T23:46:01Z","2017-08-08T00:00:00Z","NaN"
"0.17946615","0.18220990","0.15871093","0.16617332","0.16962888","2719","XRP","","5508085.222702008","USD","rvYAfWj5gh67oV6fW32ZzP3Aw4Eubs59B","934330.3452176208","2017-08-13T23:47:41Z","2017-08-13T23:47:41Z","2017-08-11T00:00:00Z","510904.6433879532"
"0.16768224","0.17981611","0.14962704","0.15839680","0.16180313","5948","XRP","","13770699.76636996","USD","rvYAfWj5gh67oV6fW32ZzP3Aw4Eubs59B","2228142.258600208","2017-08-16T23:57:12Z","2017-08-16T23:57:12Z","2017-08-14T00:00:00Z","528513.4186936531"
"0.15877250","0.16916447","0.14810000","0.15100075","0.15729615","4506","XRP","","11286471.17732001","USD","rvYAfWj5gh67oV6fW32ZzP3Aw4Eubs59B","1775318.519354358","2017-08-19T23:58:42Z","2017-08-19T23:58:42Z","2017-08-17T00:00:00Z","84692.53486363737"
"0.15088676","0.25100276","0.14819214","0.24130610","0.19077330","8747","XRP","","18110138.56329398","USD","rvYAfWj5gh67oV6fW32ZzP3Aw4Eubs59B","3454930.872948466","2017-08-22T23:58:21Z","2017-08-22T23:58:21Z","2017-08-20T00:00:00Z","173354.38360639606"
"0.24045182","0.30000000","0.20168268","0.21756977","0.25257816","16875","XRP","","24663350.39504899","USD","rvYAfWj5gh67oV6fW32ZzP3Aw4Eubs59B","6229423.646154504","2017-08-25T23:53:51Z","2017-08-25T23:53:51Z","2017-08-23T00:00:00Z","7183036.893015807"
"0.21686450","0.24703557","0.19230769","0.22326417","0.21301700","6688","XRP","","13089467.96712299","USD","rvYAfWj5gh67oV6fW32ZzP3Aw4Eubs59B","2788279.257229489","2017-08-28T23:51:42Z","2017-08-28T23:51:42Z","2017-08-26T00:00:00Z","99.0797235335974"
"0.22309765","0.26300000","0.21383740","0.25821398","0.22953425","4924","XRP","","9920234.996241014","USD","rvYAfWj5gh67oV6fW32ZzP3Aw4Eubs59B","2277033.729205348","2017-08-31T23:59:21Z","2017-08-31T23:59:21Z","2017-08-29T00:00:00Z","225626.49526457756"
"0.25756490","0.25960913","0.21960788","0.23023253","0.24056381","5155","XRP","","7560698.610250008","USD","rvYAfWj5gh67oV6fW32ZzP3Aw4Eubs59B","1818830.42820419","2017-09-03T23:53:40Z","2017-09-03T23:53:40Z","2017-09-01T00:00:00Z","NaN"
"0.22977759","0.23100000","0.18999997","0.22947230","0.20823547","7644","XRP","","14879961.73067701","USD","rvYAfWj5gh67oV6fW32ZzP3Aw4Eubs59B","3098535.777822601","2017-09-06T23:44:41Z","2017-09-06T23:44:41Z","2017-09-04T00:00:00Z","1539000.1264383644"
"0.22958900","0.23100000","0.20300000","0.21317160","0.21194902","3108","XRP","","6792713.628553","USD","rvYAfWj5gh67oV6fW32ZzP3Aw4Eubs59B","1439709.029054141","2017-09-09T23:43:11Z","2017-09-09T23:43:11Z","2017-09-07T00:00:00Z","2404824.8714418057"
"0.21223979","0.22329858","0.19750000","0.21165636","0.21395770","4502","XRP","","7737854.212835999","USD","rvYAfWj5gh67oV6fW32ZzP3Aw4Eubs59B","1655573.511890098","2017-09-12T23:56:01Z","2017-09-12T23:56:01Z","2017-09-10T00:00:00Z","3533339.2835865263"
"0.21078240","0.21162025","0.15120000","0.18383143","0.17903095","10077","XRP","","12380645.46154484","USD","rvYAfWj5gh67oV6fW32ZzP3Aw4Eubs59B","2216518.702301364","2017-09-15T23:54:00Z","2017-09-15T23:54:00Z","2017-09-13T00:00:00Z","6701357.568795347"
"0.18309437","0.19875949","0.15120990","0.19373245","0.18094245","4106","XRP","","5615352.165439006","USD","rvYAfWj5gh67oV6fW32ZzP3Aw4Eubs59B","1016055.556835007","2017-09-18T23:57:31Z","2017-09-18T23:57:31Z","2017-09-16T00:00:00Z","2512399.246386518"
"0.19325630","0.19452898","0.17053400","0.17061905","0.18217298","3198","XRP","","4966821.091675004","USD","rvYAfWj5gh67oV6fW32ZzP3Aw4Eubs59B","904820.6137953019","2017-09-21T23:58:21Z","2017-09-21T23:58:21Z","2017-09-19T00:00:00Z","2798805.832140078"
"0.17061100","0.18033717","0.16738540","0.17370047","0.17414517","2284","XRP","","3745835.612448","USD","rvYAfWj5gh67oV6fW32ZzP3Aw4Eubs59B","652319.1760206193","2017-09-24T23:59:52Z","2017-09-24T23:59:52Z","2017-09-22T00:00:00Z","1842620.0648905789"
"0.17370047","0.21425361","0.17370047","0.20931549","0.19366213","3586","XRP","","4760446.202582","USD","rvYAfWj5gh67oV6fW32ZzP3Aw4Eubs59B","921918.1508700515","2017-09-27T23:59:21Z","2017-09-27T23:59:21Z","2017-09-25T00:00:00Z","1631051.9856333004"
"0.20928200","0.21500000","0.18771721","0.19818204","0.19955207","3247","XRP","","3929320.377741999","USD","rvYAfWj5gh67oV6fW32ZzP3Aw4Eubs59B","784104.0188446629","2017-09-30T23:53:41Z","2017-09-30T23:53:41Z","2017-09-28T00:00:00Z","1472532.2576280974"
"0.19694690","0.20787948","0.19433609","0.20204940","0.20193232","1922","XRP","","2650196.377227001","USD","rvYAfWj5gh67oV6fW32ZzP3Aw4Eubs59B","535160.3031613611","2017-10-01T00:00:02Z","2017-10-03T23:55:41Z","2017-10-01T00:00:00Z","773308.5639037121"
"0.20089864","0.24319795","0.20088967","0.23333411","0.22700819","3851","XRP","","7556495.692289993","USD","rvYAfWj5gh67oV6fW32ZzP3Aw4Eubs59B","1715386.443136013","2017-10-04T00:00:02Z","2017-10-06T23:59:31Z","2017-10-04T00:00:00Z","2929907.7462283424"
"0.23356425","0.27880000","0.23176789","0.24896379","0.25882632","5720","XRP","","8279974.166904998","USD","rvYAfWj5gh67oV6fW32ZzP3Aw4Eubs59B","2143075.253312656","2017-10-07T00:00:20Z","2017-10-09T23:59:52Z","2017-10-07T00:00:00Z","3140989.2423030944"
"0.24737570","0.26762452","0.22069990","0.24805290","0.25321344","5079","XRP","","6317255.783650998","USD","rvYAfWj5gh67oV6fW32ZzP3Aw4Eubs59B","1599614.084952775","2017-10-10T00:00:01Z","2017-10-12T23:59:21Z","2017-10-10T00:00:00Z","1728225.147513444"
"0.24779533","0.26958973","0.23169697","0.26374882","0.25080158","5619","XRP","","9943783.632734004","USD","rvYAfWj5gh67oV6fW32ZzP3Aw4Eubs59B","2493916.685509947","2017-10-13T00:00:12Z","2017-10-15T23:59:31Z","2017-10-13T00:00:00Z","2440637.184603624"
"0.26293442","0.29603446","0.20258610","0.21839425","0.24509739","11322","XRP","","16677721.76632101","USD","rvYAfWj5gh67oV6fW32ZzP3Aw4Eubs59B","4087666.05644429","2017-10-16T00:00:10Z","2017-10-18T23:55:10Z","2017-10-16T00:00:00Z","8047684.991851855"
"0.21844450","0.23312262","0.19608024","0.20841321","0.21275991","3363","XRP","","4806993.147391999","USD","rvYAfWj5gh67oV6fW32ZzP3Aw4Eubs59B","1022735.4114164581","2017-10-19T00:00:01Z","2017-10-21T23:59:21Z","2017-10-19T00:00:00Z","1504098.6884104991"
"0.20820110","0.21629397","0.18300000","0.20640704","0.20192122","5167","XRP","","6606833.237896992","USD","rvYAfWj5gh67oV6fW32ZzP3Aw4Eubs59B","1334059.828301673","2017-10-22T00:00:01Z","2017-10-24T23:53:20Z","2017-10-22T00:00:00Z","1792111.0974496289"
"0.20559506","0.20698614","0.19537867","0.19983300","0.20185662","2162","XRP","","3334540.178447999","USD","rvYAfWj5gh67oV6fW32ZzP3Aw4Eubs59B","673099.024935931","2017-10-25T00:01:12Z","2017-10-27T23:40:31Z","2017-10-25T00:00:00Z","1716228.5080504434"
"0.19957020","0.20700000","0.18250828","0.20032135","0.20027757","1580","XRP","","2275700.716482996","USD","rvYAfWj5gh67oV6fW32ZzP3Aw4Eubs59B","455771.8174466163","2017-10-28T00:00:40Z","2017-10-30T00:14:50Z","2017-10-28T00:00:00Z","552791.9074063362"
"0.20216542","0.20669145","0.18000000","0.20155309","0.19231420","5782","XRP","","7082318.795946002","USD","rvYAfWj5gh67oV6fW32ZzP3Aw4Eubs59B","1362030.498769869","2017-10-31T00:25:40Z","2017-11-02T23:59:31Z","2017-10-31T00:00:00Z","2851019.2849684055"
"0.20143200","0.22330776","0.19339556","0.19848461","0.20541420","4507","XRP","","7280926.709236997","USD","rvYAfWj5gh67oV6fW32ZzP3Aw4Eubs59B","1495605.766202343","2017-11-03T00:00:12Z","2017-11-05T23:59:11Z","2017-11-03T00:00:00Z","3087541.9877358405"
"0.20049090","0.22242671","0.19748433","0.21630446","0.20522480","5430","XRP","","17253764.792909","USD","rvYAfWj5gh67oV6fW32ZzP3Aw4Eubs59B","3540900.434679687","2017-11-06T00:11:32Z","2017-11-08T23:56:50Z","2017-11-06T00:00:00Z","6302330.422176361"
"0.21663891","0.22199990","0.20187596","0.21000010","0.21238689","4790","XRP","","5569286.797609002","USD","rvYAfWj5gh67oV6fW32ZzP3Aw4Eubs59B","1182843.527950318","2017-11-09T00:00:51Z","2017-11-11T23:57:00Z","2017-11-09T00:00:00Z","1026247.668627157"
"0.20912452","0.21060988","0.17300000","0.20437226","0.19833130","7303","XRP","","8629479.250696998","USD","rvYAfWj5gh67oV6fW32ZzP3Aw4Eubs59B","1711495.822977741","2017-11-12T00:01:32Z","2017-11-14T23:59:02Z","2017-11-12T00:00:00Z","4486693.850405705"
"0.20503490","0.26499735","0.20249022","0.22462490","0.22879399","6657","XRP","","8442965.270390987","USD","rvYAfWj5gh67oV6fW32ZzP3Aw4Eubs59B","1931699.688539125","2017-11-15T00:00:12Z","2017-11-17T23:57:50Z","2017-11-15T00:00:00Z","2275227.0610953355"
"0.22577463","0.24806938","0.21624478","0.23919284","0.23226276","4406","XRP","","5823891.053735","USD","rvYAfWj5gh67oV6fW32ZzP3Aw4Eubs59B","1352673.005364639","2017-11-18T00:06:51Z","2017-11-20T23:57:11Z","2017-11-18T00:00:00Z","2816027.954008726"
"0.23982000","0.24806938","0.22600000","0.24124031","0.23895578","3031","XRP","","3949575.861142002","USD","rvYAfWj5gh67oV6fW32ZzP3Aw4Eubs59B","943773.9779800996","2017-11-21T00:00:42Z","2017-11-23T23:59:52Z","2017-11-21T00:00:00Z","1579386.5290961917"
"0.24113342","0.25075872","0.23080000","0.24517310","0.24198098","3322","XRP","","3565050.368026002","USD","rvYAfWj5gh67oV6fW32ZzP3Aw4Eubs59B","862674.3750951968","2017-11-24T00:00:11Z","2017-11-26T23:55:42Z","2017-11-24T00:00:00Z","1720343.3769117845"
"0.24628658","0.27799000","0.23263243","0.23684200","0.25930764","10572","XRP","","14818417.942966","USD","rvYAfWj5gh67oV6fW32ZzP3Aw4Eubs59B","3842529.007544218","2017-11-27T00:12:42Z","2017-11-29T23:59:52Z","2017-11-27T00:00:00Z","6128342.706376225"
"0.23684200","0.25400000","0.22243675","0.24482399","0.23753726","7601","XRP","","8882042.653695984","USD","rvYAfWj5gh67oV6fW32ZzP3Aw4Eubs59B","2109816.061727391","2017-11-30T00:04:01Z","2017-12-02T23:55:51Z","2017-11-30T00:00:00Z","4034274.7596282754"
"0.24406642","0.25798052","0.23381909","0.23614622","0.24393909","4649","XRP","","7472924.889549","USD","rvYAfWj5gh67oV6fW32ZzP3Aw4Eubs59B","1822938.49867249","2017-12-03T00:20:02Z","2017-12-05T23:58:12Z","2017-12-03T00:00:00Z","3307238.8626008476"
"0.23471220","0.24220282","0.20189095","0.23405692","0.22359026","13903","XRP","","18381549.84582801","USD","rvYAfWj5gh67oV6fW32ZzP3Aw4Eubs59B","4109935.437477529","2017-12-06T00:00:11Z","2017-12-08T23:53:20Z","2017-12-06T00:00:00Z","8293493.451829383"
"0.23405692","0.24500000","0.22222222","0.24265863","0.23482372","3461","XRP","","3739872.69795801","USD","rvYAfWj5gh67oV6fW32ZzP3Aw4Eubs59B","878210.8140835478","2017-12-09T00:02:41Z","2017-12-11T23:57:00Z","2017-12-09T00:00:00Z","1088513.9115773132"
"0.24264232","0.89999999","0.24081057","0.84001964","0.43721738","14756","XRP","","30089095.77800597","USD","rvYAfWj5gh67oV6fW32ZzP3Aw4Eubs59B","13155475.47291492","2017-12-12T00:03:12Z","2017-12-14T23:57:51Z","2017-12-12T00:00:00Z","6652200.627005957"
"0.84121449","0.84999999","0.61202108","0.70960432","0.74008580","8467","XRP","","7298414.249441006","USD","rvYAfWj5gh67oV6fW32ZzP3Aw4Eubs59B","5401452.729644448","2017-12-15T00:00:02Z","2017-12-17T23:58:00Z","2017-12-15T00:00:00Z","2525504.928683456"
"0.70347033","0.83370999","0.54999999","0.71434207","0.72979428","11251","XRP","","8504890.566082016","USD","rvYAfWj5gh67oV6fW32ZzP3Aw4Eubs59B","6206820.479195952","2017-12-18T00:01:20Z","2017-12-20T23:51:20Z","2017-12-18T00:00:00Z","3252944.743321245"
"0.71434207","1.2600000","0.71229999","1.0427338","0.96525321","20086","XRP","","10966351.009785","USD","rvYAfWj5gh67oV6fW32ZzP3Aw4Eubs59B","10585305.48326833","2017-12-21T00:01:21Z","2017-12-23T23:59:50Z","2017-12-21T00:00:00Z","3362873.367763548"
"1.0427321","1.0840000","0.87723599","1.0648519","0.99001845","7446","XRP","","4709126.103318006","USD","rvYAfWj5gh67oV6fW32ZzP3Aw4Eubs59B","4662121.703751956","2017-12-24T00:00:51Z","2017-12-26T23:50:22Z","2017-12-24T00:00:00Z","868032.1369101384"
"1.0742469","1.9790000","1.0600000","1.8838060","1.3210565","12209","XRP","","7810174.948193001","USD","rvYAfWj5gh67oV6fW32ZzP3Aw4Eubs59B","10317682.39926681","2017-12-27T00:03:20Z","2017-12-29T23:56:52Z","2017-12-27T00:00:00Z","1947990.5901927915"
"1.9000125","2.4600000","1.6300000","2.0600000","1.9864819","7621","XRP","","3929715.154187997","USD","rvYAfWj5gh67oV6fW32ZzP3Aw4Eubs59B","7806307.91624289","2017-12-30T00:03:42Z","2018-01-01T23:55:50Z","2017-12-30T00:00:00Z","1106068.816150281"
"2.0274920","3.3000000","1.8420000","2.7146970","2.6114633","8147","XRP","","5675250.080582998","USD","rvYAfWj5gh67oV6fW32ZzP3Aw4Eubs59B","14820707.475311982","2018-01-02T00:08:51Z","2018-01-04T23:59:00Z","2018-01-02T00:00:00Z","1341513.469993629"
"2.7261209","3.0300000","2.2200000","2.7405701","2.5921984","6537","XRP","","2832231.7685710024","USD","rvYAfWj5gh67oV6fW32ZzP3Aw4Eubs59B","7341706.674594801","2018-01-05T00:00:31Z","2018-01-07T23:53:01Z","2018-01-05T00:00:00Z","1261868.0730598497"
"2.7019480","2.7585933","1.5481846","1.9416678","2.1867043","9690","XRP","","6655756.195416008","USD","rvYAfWj5gh67oV6fW32ZzP3Aw4Eubs59B","14554170.367441403","2018-01-08T00:00:03Z","2018-01-10T23:59:02Z","2018-01-08T00:00:00Z","2194009.9400852774"
"1.9403818","2.2450038","1.4880000","1.9856508","1.9253305","11010","XRP","","6099114.186677994","USD","rvYAfWj5gh67oV6fW32ZzP3Aw4Eubs59B","11742810.499397568","2018-01-11T00:00:21Z","2018-01-13T23:40:02Z","2018-01-11T00:00:00Z","1730227.816756863"
"1.9856727","1.9881581","0.87000000","1.1853941","1.2883416","12252","XRP","","7145596.173261989","USD","rvYAfWj5gh67oV6fW32ZzP3Aw4Eubs59B","9205968.6699505","2018-01-14T00:00:02Z","2018-01-16T23:59:41Z","2018-01-14T00:00:00Z","4126896.6451593465"
"1.1705468","1.7270395","0.88441677","1.5405467","1.3073151","22815","XRP","","8422732.12396302","USD","rvYAfWj5gh67oV6fW32ZzP3Aw4Eubs59B","11011164.50468824","2018-01-17T00:00:10Z","2018-01-19T23:59:01Z","2018-01-17T00:00:00Z","3062254.981719494"
"1.5201350","1.6250000","1.1357937","1.3466875","1.3319011","10123","XRP","","3428701.967205002","USD","rvYAfWj5gh67oV6fW32ZzP3Aw4Eubs59B","4566691.943257851","2018-01-20T00:10:11Z","2018-01-22T23:59:01Z","2018-01-20T00:00:00Z","1409946.3583500304"
"1.3394223","1.4278457","1.1881268","1.3022090","1.3236527","9628","XRP","","2659392.222589002","USD","rvYAfWj5gh67oV6fW32ZzP3Aw4Eubs59B","3520111.7537737503","2018-01-23T00:02:40Z","2018-01-25T23:51:51Z","2018-01-23T00:00:00Z","823938.6255436334"
"1.3001169","1.3800937","1.0203000","1.3532398","1.2149354","6306","XRP","","2362355.098918004","USD","rvYAfWj5gh67oV6fW32ZzP3Aw4Eubs59B","2870108.913060109","2018-01-26T00:00:11Z","2018-01-28T23:50:00Z","2018-01-26T00:00:00Z","1066019.979563464"
"1.3493960","1.3500000","1.0111000","1.1205257","1.1458271","11169","XRP","","3712708.3732300014","USD","rvYAfWj5gh67oV6fW32ZzP3Aw4Eubs59B","4254121.966671678","2018-01-29T00:00:42Z","2018-01-31T23:59:01Z","2018-01-29T00:00:00Z","1337641.5290683517"
"1.1191442","1.1254516","0.63765813","0.95175816","0.86923050","20187","XRP","","9247997.386777023","USD","rvYAfWj5gh67oV6fW32ZzP3Aw4Eubs59B","8038641.413753151","2018-02-01T00:00:40Z","2018-02-03T23:58:41Z","2018-02-01T00:00:00Z","4660397.001154863"
"0.95366900","0.96033804","0.51000000","0.76909300","0.71773191","24180","XRP","","11504283.319873992","USD","rvYAfWj5gh67oV6fW32ZzP3Aw4Eubs59B","8256991.220883963","2018-02-04T00:01:20Z","2018-02-06T23:59:30Z","2018-02-04T00:00:00Z","5228089.871147852"
"0.76085001","0.93170081","0.69874536","0.91880110","0.78372966","14327","XRP","","5031505.726569008","USD","rvYAfWj5gh67oV6fW32ZzP3Aw4Eubs59B","3943340.2680531307","2018-02-07T00:01:11Z","2018-02-09T23:59:10Z","2018-02-07T00:00:00Z","1738741.0670325402"
"0.91593900","1.2250000","0.89088990","1.0454221","1.0187764","15806","XRP","","3904626.0501569947","USD","rvYAfWj5gh67oV6fW32ZzP3Aw4Eubs59B","3977940.8112739897","2018-02-10T00:01:51Z","2018-02-12T23:56:41Z","2018-02-10T00:00:00Z","1169190.3573597672"
"1.0378290","1.1488785","0.96435000","1.1126234","1.0578319","7226","XRP","","2035888.7048360002","USD","rvYAfWj5gh67oV6fW32ZzP3Aw4Eubs59B","2153627.974244547","2018-02-13T00:00:02Z","2018-02-15T23:59:40Z","2018-02-13T00:00:00Z","522653.0962589955"
"1.1094500","1.1948212","1.0451813","1.0803880","1.1140404","4562","XRP","","1595638.9638559986","USD","rvYAfWj5gh67oV6fW32ZzP3Aw4Eubs59B","1777606.2499622987","2018-02-16T00:00:10Z","2018-02-18T23:58:11Z","2018-02-16T00:00:00Z","445594.21491778287"
"1.0624216","1.1351836","0.93752490","0.95536000","1.0397047","4651","XRP","","1814042.585094999","USD","rvYAfWj5gh67oV6fW32ZzP3Aw4Eubs59B","1886068.5586237013","2018-02-19T00:00:10Z","2018-02-21T23:46:01Z","2018-02-19T00:00:00Z","364444.0714577723"
"0.94375488","0.99996000","0.85500000","0.90396889","0.92435480","5143","XRP","","2632754.7280559996","USD","rvYAfWj5gh67oV6fW32ZzP3Aw4Eubs59B","2433599.4659249317","2018-02-22T00:05:11Z","2018-02-24T23:55:51Z","2018-02-22T00:00:00Z","485040.64088321134"
"0.90134730","0.95197946","0.87510137","0.93162439","0.92040075","2397","XRP","","1501691.0111409992","USD","rvYAfWj5gh67oV6fW32ZzP3Aw4Eubs59B","1382157.5275472067","2018-02-25T00:02:21Z","2018-02-27T23:59:50Z","2018-02-25T00:00:00Z","207682.42824774433"
"0.93160000","0.94866463","0.87600000","0.90400000","0.91083226","1844","XRP","","1754021.9197869995","USD","rvYAfWj5gh67oV6fW32ZzP3Aw4Eubs59B","1597619.7527589037","2018-02-28T00:00:01Z","2018-03-02T23:59:40Z","2018-02-28T00:00:00Z","1073180.07798153"
"0.90400000","1.1750000","0.88500000","0.95099000","0.98588216","3351","XRP","","2111554.3984210016","USD","rvYAfWj5gh67oV6fW32ZzP3Aw4Eubs59B","2081743.8056994458","2018-03-03T00:00:01Z","2018-03-05T23:59:11Z","2018-03-03T00:00:00Z","907219.6295822415"
"0.94737000","0.97349984","0.79000000","0.81256232","0.86658795","5514","XRP","","2241862.2840440003","USD","rvYAfWj5gh67oV6fW32ZzP3Aw4Eubs59B","1942770.8298155842","2018-03-06T00:00:42Z","2018-03-08T23:46:31Z","2018-03-06T00:00:00Z","1016727.4895992738"
"0.80704390","0.85500000","0.73000000","0.81389080","0.78658509","4770","XRP","","2244191.4558570003","USD","rvYAfWj5gh67oV6fW32ZzP3Aw4Eubs59B","1765247.5314556109","2018-03-09T00:00:02Z","2018-03-11T23:54:02Z","2018-03-09T00:00:00Z","1377078.015440042"
"0.81534747","0.82500000","0.66201372","0.68504471","0.74599583","4440","XRP","","2409998.1464950005","USD","rvYAfWj5gh67oV6fW32ZzP3Aw4Eubs59B","1797848.5637980183","2018-03-12T00:00:20Z","2018-03-14T23:47:50Z","2018-03-12T00:00:00Z","1505249.3079397336"
"0.68785210","0.72104979","0.61041000","0.63091930","0.66727240","4136","XRP","","1707717.7523039975","USD","rvYAfWj5gh67oV6fW32ZzP3Aw4Eubs59B","1139512.9273166275","2018-03-15T00:06:10Z","2018-03-17T23:19:30Z","2018-03-15T00:00:00Z","1048538.8948921703"
"0.62559561","0.74328323","0.54090000","0.69267757","0.62971091","6298","XRP","","3017659.1208759965","USD","rvYAfWj5gh67oV6fW32ZzP3Aw4Eubs59B","1900252.8610611144","2018-03-18T00:14:32Z","2018-03-20T23:54:02Z","2018-03-18T00:00:00Z","1326159.4452984387"
"0.69448550","0.70520467","0.61510000","0.64150943","0.64899044","2596","XRP","","1010738.0099580002","USD","rvYAfWj5gh67oV6fW32ZzP3Aw4Eubs59B","655959.3086752999","2018-03-21T00:00:12Z","2018-03-23T23:59:51Z","2018-03-21T00:00:00Z","447587.2897666562"
"0.63711000","0.67350770","0.57625000","0.59288000","0.61928562","2075","XRP","","1461411.924041","USD","rvYAfWj5gh67oV6fW32ZzP3Aw4Eubs59B","905031.3871673606","2018-03-24T00:00:10Z","2018-03-26T23:55:21Z","2018-03-24T00:00:00Z","633910.7427903535"
"0.58859701","0.59849570","0.50000000","0.50647000","0.54130242","3541","XRP","","1623331.0603309986","USD","rvYAfWj5gh67oV6fW32ZzP3Aw4Eubs59B","878713.0364194158","2018-03-27T00:00:02Z","2018-03-29T23:56:32Z","2018-03-27T00:00:00Z","1061599.267974075"
"0.50323500","0.52727833","0.45408000","0.47739500","0.48980686","3590","XRP","","2063631.523732999","USD","rvYAfWj5gh67oV6fW32ZzP3Aw4Eubs59B","1010780.870496873","2018-03-30T00:00:10Z","2018-04-01T23:58:50Z","2018-03-30T00:00:00Z","1224966.00736375"
"0.47396971","0.55401000","0.47349354","0.49478433","0.51426679","2099","XRP","","1082355.633548","USD","rvYAfWj5gh67oV6fW32ZzP3Aw4Eubs59B","556619.5594801839","2018-04-02T00:28:10Z","2018-04-04T23:47:10Z","2018-04-02T00:00:00Z","183971.88710941566"
"0.49302991","0.49492188","0.46080852","0.48877291","0.47949748","1596","XRP","","967901.0888380001","USD","rvYAfWj5gh67oV6fW32ZzP3Aw4Eubs59B","464106.13538150117","2018-04-05T00:10:50Z","2018-04-07T22:44:10Z","2018-04-05T00:00:00Z","381121.09231836285"
"0.48877291","0.50936788","0.47602975","0.48876380","0.49153304","1043","XRP","","682130.6023360004","USD","rvYAfWj5gh67oV6fW32ZzP3Aw4Eubs59B","335289.7273173801","2018-04-08T02:49:41Z","2018-04-10T23:57:02Z","2018-04-08T00:00:00Z","273363.55962823634"
"0.48841360","0.70900000","0.48500000","0.63596000","0.60223497","3243","XRP","","2303100.2076489986","USD","rvYAfWj5gh67oV6fW32ZzP3Aw4Eubs59B","1387007.4783005605","2018-04-11T00:04:00Z","2018-04-13T23:56:40Z","2018-04-11T00:00:00Z","1023576.9476818937"
"0.63994000","0.69433611","0.62186000","0.65762330","0.65405703","2148","XRP","","1711337.4789319993","USD","rvYAfWj5gh67oV6fW32ZzP3Aw4Eubs59B","1119312.3076410925","2018-04-14T00:00:22Z","2018-04-16T23:49:12Z","2018-04-14T00:00:00Z","649356.1139305582"
"0.65920630","0.82000000","0.62449112","0.78000000","0.68993485","2074","XRP","","1194454.048211","USD","rvYAfWj5gh67oV6fW32ZzP3Aw4Eubs59B","824095.4761213961","2018-04-17T00:00:30Z","2018-04-19T23:58:10Z","2018-04-17T00:00:00Z","168662.3209486668"
"0.78500000","0.93127095","0.78271940","0.86696902","0.86659777","2542","XRP","","1386294.46244","USD","rvYAfWj5gh67oV6fW32ZzP3Aw4Eubs59B","1201359.691548807","2018-04-20T00:07:42Z","2018-04-22T23:59:20Z","2018-04-20T00:00:00Z","NaN"
"0.85815845","0.95729000","0.76646220","0.78646110","0.85306297","2891","XRP","","1697144.0070729987","USD","rvYAfWj5gh67oV6fW32ZzP3Aw4Eubs59B","1447770.7000594425","2018-04-23T00:04:22Z","2018-04-25T23:50:42Z","2018-04-23T00:00:00Z","NaN"
"0.79307200","0.88500000","0.76499899","0.86310526","0.82248343","1822","XRP","","1050319.3216319997","USD","rvYAfWj5gh67oV6fW32ZzP3Aw4Eubs59B","863870.2373197176","2018-04-26T00:00:01Z","2018-04-28T23:40:41Z","2018-04-26T00:00:00Z","NaN"
"0.87186900","0.90500000","0.78485050","0.82865000","0.83775052","1675","XRP","","975074.105849","USD","rvYAfWj5gh67oV6fW32ZzP3Aw4Eubs59B","816868.843212131","2018-04-29T00:14:00Z","2018-05-01T23:06:30Z","2018-04-29T00:00:00Z","NaN"
"0.82903000","0.92500000","0.82372195","0.88732740","0.86547458","1356","XRP","","822251.712397","USD","rvYAfWj5gh67oV6fW32ZzP3Aw4Eubs59B","711637.9578402503","2018-05-02T00:00:02Z","2018-05-04T23:22:21Z","2018-05-02T00:00:00Z","34598.039907658494"
"0.88530119","0.92000000","0.79501281","0.81715000","0.84767023","1239","XRP","","892289.4398430003","USD","rvYAfWj5gh67oV6fW32ZzP3Aw4Eubs59B","756367.1936974293","2018-05-05T00:00:02Z","2018-05-07T23:40:02Z","2018-05-05T00:00:00Z","63288.36913339926"
"0.81974000","0.84657260","0.74999900","0.75892305","0.78658236","1264","XRP","","869167.9474390001","USD","rvYAfWj5gh67oV6fW32ZzP3Aw4Eubs59B","683672.1733756645","2018-05-08T00:00:02Z","2018-05-10T23:57:40Z","2018-05-08T00:00:00Z","NaN"
"0.75440038","0.75847000","0.63500000","0.73507000","0.68191870","2783","XRP","","1578422.2627700004","USD","rvYAfWj5gh67oV6fW32ZzP3Aw4Eubs59B","1076355.6585109339","2018-05-11T00:00:10Z","2018-05-13T23:27:22Z","2018-05-11T00:00:00Z","NaN"
"0.73182000","0.74626866","0.66383300","0.70437260","0.71647478","1393","XRP","","861491.9072530002","USD","rvYAfWj5gh67oV6fW32ZzP3Aw4Eubs59B","617237.2273490945","2018-05-14T00:06:10Z","2018-05-16T23:58:52Z","2018-05-14T00:00:00Z","NaN"
"0.70175100","0.70829583","0.64572587","0.66936000","0.67222981","657","XRP","","575395.7283090001","USD","rvYAfWj5gh67oV6fW32ZzP3Aw4Eubs59B","386798.16356359073","2018-05-17T00:08:12Z","2018-05-19T23:57:40Z","2018-05-17T00:00:00Z","NaN"
"0.67363544","0.71000000","0.63889000","0.64168280","0.67480941","852","XRP","","576359.5545580001","USD","rvYAfWj5gh67oV6fW32ZzP3Aw4Eubs59B","388932.84850948595","2018-05-20T01:17:11Z","2018-05-22T23:53:41Z","2018-05-20T00:00:00Z","NaN"
"0.64070780","0.64622000","0.57537110","0.59760000","0.60913510","1533","XRP","","1528229.0618200002","USD","rvYAfWj5gh67oV6fW32ZzP3Aw4Eubs59B","930897.9693773262","2018-05-23T00:00:31Z","2018-05-25T22:11:40Z","2018-05-23T00:00:00Z","15399.247846803535"
"0.60569000","0.62500000","0.55000000","0.55000000","0.58861646","901","XRP","","1342491.1056979985","USD","rvYAfWj5gh67oV6fW32ZzP3Aw4Eubs59B","790212.3604017587","2018-05-26T01:20:11Z","2018-05-28T23:51:30Z","2018-05-26T00:00:00Z","672703.3146878266"
"0.55000000","0.62015820","0.54509761","0.60695792","0.59134132","984","XRP","","1561494.9728299999","USD","rvYAfWj5gh67oV6fW32ZzP3Aw4Eubs59B","923376.49102304","2018-05-29T00:00:01Z","2018-05-31T23:40:10Z","2018-05-29T00:00:00Z","232780.0854517615"
"0.60777000","0.68500000","0.60364000","0.68500000","0.63353051","452","XRP","","433417.14556800004","USD","rvYAfWj5gh67oV6fW32ZzP3Aw4Eubs59B","274582.98417635204","2018-06-01T00:00:01Z","2018-06-03T23:59:31Z","2018-06-01T00:00:00Z","40137.23506831497"
"0.67537000","0.70000000","0.63500000","0.66703740","0.66669427","608","XRP","","436844.6638290001","USD","rvYAfWj5gh67oV6fW32ZzP3Aw4Eubs59B","291241.8343208013","2018-06-04T00:00:02Z","2018-06-06T23:40:01Z","2018-06-04T00:00:00Z","2564.3523661622935"
"0.66959260","0.68433104","0.65272000","0.65272000","0.67078450","317","XRP","","282491.86203899997","USD","rvYAfWj5gh67oV6fW32ZzP3Aw4Eubs59B","189491.16110554192","2018-06-07T00:00:02Z","2018-06-09T23:50:01Z","2018-06-07T00:00:00Z","101334.21189367321"
"0.65099000","0.65099000","0.54800000","0.55266290","0.58632578","1138","XRP","","1085648.6103780004","USD","rvYAfWj5gh67oV6fW32ZzP3Aw4Eubs59B","636543.7646464789","2018-06-10T00:12:50Z","2018-06-12T23:33:22Z","2018-06-10T00:00:00Z","68707.84474246192"
"0.55309000","0.56491211","0.50986000","0.53327537","0.52836216","669","XRP","","880947.1498279998","USD","rvYAfWj5gh67oV6fW32ZzP3Aw4Eubs59B","465459.13567641703","2018-06-13T00:06:00Z","2018-06-15T23:50:00Z","2018-06-13T00:00:00Z","394349.6629287214"
"0.53327537","0.54732000","0.51088315","0.53494000","0.52834234","214","XRP","","225055.74685600004","USD","rvYAfWj5gh67oV6fW32ZzP3Aw4Eubs59B","118906.47979908966","2018-06-16T00:00:01Z","2018-06-18T23:41:00Z","2018-06-16T00:00:00Z","NaN"
"0.53524000","0.55815000","0.52129465","0.52938000","0.54464277","635","XRP","","864091.2983340002","USD","rvYAfWj5gh67oV6fW32ZzP3Aw4Eubs59B","470621.08093956276","2018-06-19T00:00:02Z","2018-06-21T23:40:02Z","2018-06-19T00:00:00Z","NaN"
"0.52938000","0.52951000","0.44261457","0.47578444","0.47506607","600","XRP","","882411.2549519998","USD","rvYAfWj5gh67oV6fW32ZzP3Aw4Eubs59B","419203.6438588125","2018-06-22T00:01:00Z","2018-06-24T23:38:32Z","2018-06-22T00:00:00Z","282586.71136082703"
"0.47743404","0.48790872","0.44948800","0.47208307","0.47080299","467","XRP","","793353.1554540005","USD","rvYAfWj5gh67oV6fW32ZzP3Aw4Eubs59B","373513.0350626409","2018-06-25T00:43:40Z","2018-06-27T23:10:11Z","2018-06-25T00:00:00Z","29473.471511508993"
"0.47098496","0.47836130","0.42572007","0.46709841","0.45328214","546","XRP","","537509.884895","USD","rvYAfWj5gh67oV6fW32ZzP3Aw4Eubs59B","243643.630582677","2018-06-28T00:56:11Z","2018-06-30T23:59:00Z","2018-06-28T00:00:00Z","65809.4745497844"
"0.46666000","0.52019000","0.44837010","0.49906000","0.47948238","378","XRP","","481611.0084869999","USD","rvYAfWj5gh67oV6fW32ZzP3Aw4Eubs59B","230923.99049998983","2018-07-01T00:00:02Z","2018-07-03T21:09:21Z","2018-07-01T00:00:00Z","0"
"0.48686513","0.50004359","0.45818657","0.47291510","0.48024362","363","XRP","","335578.111943","USD","rvYAfWj5gh67oV6fW32ZzP3Aw4Eubs59B","161159.24658734514","2018-07-04T00:00:31Z","2018-07-06T13:48:30Z","2018-07-04T00:00:00Z","0"
"0.46860000","0.48585298","0.46275000","0.46999000","0.47768181","313","XRP","","341540.9641120001","USD","rvYAfWj5gh67oV6fW32ZzP3Aw4Eubs59B","163147.90688643567","2018-07-07T08:00:11Z","2018-07-09T23:58:31Z","2018-07-07T00:00:00Z","8048.800536060293"
"0.46999000","0.46999000","0.43000000","0.43517927","0.44495059","355","XRP","","404187.0945799999","USD","rvYAfWj5gh67oV6fW32ZzP3Aw4Eubs59B","179843.28535365986","2018-07-10T00:00:02Z","2018-07-12T23:59:51Z","2018-07-10T00:00:00Z","23901.61265639187"
"0.44097409","0.44621983","0.43123000","0.44621983","0.43739642","319","XRP","","237983.698461","USD","rvYAfWj5gh67oV6fW32ZzP3Aw4Eubs59B","104093.21812090906","2018-07-13T00:16:21Z","2018-07-15T16:42:00Z","2018-07-13T00:00:00Z","56849.65674792581"
"0.44500000","0.52080000","0.44220000","0.48207482","0.49426730","1367","XRP","","1799420.547040001","USD","rvYAfWj5gh67oV6fW32ZzP3Aw4Eubs59B","889394.7391759696","2018-07-16T02:00:40Z","2018-07-18T23:40:10Z","2018-07-16T00:00:00Z","982307.5943580379"
"0.48407000","0.49215792","0.43270000","0.44958000","0.45760526","466","XRP","","488355.7303259999","USD","rvYAfWj5gh67oV6fW32ZzP3Aw4Eubs59B","223474.14908234408","2018-07-19T00:00:01Z","2018-07-21T17:00:01Z","2018-07-19T00:00:00Z","254561.5433272738"
"0.44768434","0.46950000","0.43500000","0.46112000","0.45523842","725","XRP","","1246363.8558929998","USD","rvYAfWj5gh67oV6fW32ZzP3Aw4Eubs59B","567392.710866193","2018-07-22T08:00:12Z","2018-07-24T23:40:00Z","2018-07-22T00:00:00Z","336686.1111300491"
"0.45663239","0.46624472","0.44233000","0.45580000","0.45421204","609","XRP","","458198.39054","USD","rvYAfWj5gh67oV6fW32ZzP3Aw4Eubs59B","208119.22460441277","2018-07-25T01:01:22Z","2018-07-27T23:47:50Z","2018-07-25T00:00:00Z","3.0250189034608352"
"0.45532000","0.45921000","0.43512000","0.44544180","0.44956182","710","XRP","","207913.36083299996","USD","rvYAfWj5gh67oV6fW32ZzP3Aw4Eubs59B","93469.9093376436","2018-07-28T00:37:40Z","2018-07-30T23:23:41Z","2018-07-28T00:00:00Z","60380.171758739634"
"0.44552008","0.45596000","0.42813000","0.43246000","0.43804473","398","XRP","","290731.90695000003","USD","rvYAfWj5gh67oV6fW32ZzP3Aw4Eubs59B","127353.58106399988","2018-07-31T01:07:01Z","2018-08-02T23:26:30Z","2018-07-31T00:00:00Z","22589.312808003535"
"0.43246000","0.44283000","0.42613583","0.43521000","0.43452346","393","XRP","","212619.36318100005","USD","rvYAfWj5gh67oV6fW32ZzP3Aw4Eubs59B","92388.10065479254","2018-08-03T00:02:12Z","2018-08-05T22:29:10Z","2018-08-03T00:00:00Z","29863.164333606368"
"0.43116000","0.43427250","0.40609280","0.41145868","0.41214847","217","XRP","","502497.42817000026","USD","rvYAfWj5gh67oV6fW32ZzP3Aw4Eubs59B","207103.54642205918","2018-08-06T01:21:10Z","2018-08-06T23:40:11Z","2018-08-06T00:00:00Z","1121195.202905552"
"0.30800000","0.31558000","0.28880427","0.29974000","0.30081850","503","XRP","","521057.314378","USD","rvYAfWj5gh67oV6fW32ZzP3Aw4Eubs59B","156743.6783922214","2018-08-11T02:13:01Z","2018-08-11T23:47:10Z","2018-08-09T00:00:00Z","153670.0299282399"
"0.29544000","0.31115000","0.25000100","0.26884000","0.26637374","947","XRP","","2217407.865892","USD","rvYAfWj5gh67oV6fW32ZzP3Aw4Eubs59B","590659.2246018803","2018-08-12T00:00:03Z","2018-08-14T23:40:02Z","2018-08-12T00:00:00Z","1268794.633751773"
"0.35415000","0.36373203","0.34907643","0.36373203","0.35421740","39","XRP","","88885.82674699998","USD","rvYAfWj5gh67oV6fW32ZzP3Aw4Eubs59B","31484.906657421707","2018-08-17T23:20:21Z","2018-08-17T23:54:22Z","2018-08-15T00:00:00Z","42204.96161893814"
"0.33646464","0.34639000","0.31219376","0.31900000","0.32778276","191","XRP","","296970.52689999994","USD","rvYAfWj5gh67oV6fW32ZzP3Aw4Eubs59B","97341.81896235055","2018-08-20T20:04:00Z","2018-08-20T23:50:00Z","2018-08-18T00:00:00Z","156021.4125319781"
"0.31614037","0.35100000","0.31175312","0.32290000","0.32528383","957","XRP","","2086742.2385390003","USD","rvYAfWj5gh67oV6fW32ZzP3Aw4Eubs59B","678783.5031373459","2018-08-21T00:01:51Z","2018-08-23T23:40:02Z","2018-08-21T00:00:00Z","281623.02964625496"
"0.32290000","0.33013387","0.31380000","0.32340000","0.32012532","929","XRP","","2061272.858303","USD","rvYAfWj5gh67oV6fW32ZzP3Aw4Eubs59B","659865.6297141436","2018-08-24T00:00:01Z","2018-08-26T23:50:50Z","2018-08-24T00:00:00Z","85173.67325049696"
"0.34606038","0.35577147","0.33669966","0.34576000","0.34140054","1046","XRP","","1182177.793449","USD","rvYAfWj5gh67oV6fW32ZzP3Aw4Eubs59B","403596.13510807743","2018-08-28T15:34:00Z","2018-08-29T23:22:31Z","2018-08-27T00:00:00Z","131803.4379337598"
"0.33880555","0.35195000","0.33454000","0.34732000","0.34859939","66","XRP","","30320.871864999997","USD","rvYAfWj5gh67oV6fW32ZzP3Aw4Eubs59B","10569.837404695474","2018-09-01T12:03:02Z","2018-09-01T22:35:52Z","2018-08-30T00:00:00Z","22154.03768921716"
"0.33700000","0.33875765","0.32865000","0.33318000","0.33221299","1214","XRP","","1097255.891036","USD","rvYAfWj5gh67oV6fW32ZzP3Aw4Eubs59B","364522.65620075486","2018-09-03T09:56:11Z","2018-09-04T22:10:02Z","2018-09-02T00:00:00Z","56186.834551146945"
"0.29573000","0.29573000","0.28255283","0.28869000","0.29006193","216","XRP","","611692.3257939998","USD","rvYAfWj5gh67oV6fW32ZzP3Aw4Eubs59B","177428.65773958588","2018-09-07T06:50:51Z","2018-09-07T23:40:12Z","2018-09-05T00:00:00Z","19857.153377739043"
"0.28275000","0.28275000","0.25992200","0.26791000","0.27290053","275","XRP","","713205.2805599996","USD","rvYAfWj5gh67oV6fW32ZzP3Aw4Eubs59B","194634.09942133757","2018-09-09T19:55:01Z","2018-09-10T23:59:10Z","2018-09-08T00:00:00Z","111760.28928963773"
"0.25973000","0.28474723","0.25973000","0.28047707","0.26285135","303","XRP","","811549.4291090001","USD","rvYAfWj5gh67oV6fW32ZzP3Aw4Eubs59B","213316.86625587533","2018-09-12T16:03:50Z","2018-09-13T23:11:00Z","2018-09-11T00:00:00Z","37938.50997846281"
"0.27830792","0.28254000","0.26890000","0.28019333","0.27594885","444","XRP","","1764394.4907139998","USD","rvYAfWj5gh67oV6fW32ZzP3Aw4Eubs59B","486882.62998257484","2018-09-14T01:35:11Z","2018-09-16T19:31:22Z","2018-09-14T00:00:00Z","400687.47652126953"
"0.31521242","0.32976919","0.31280104","0.32352000","0.32207049","173","XRP","","268846.101825","USD","rvYAfWj5gh67oV6fW32ZzP3Aw4Eubs59B","86587.3965131815","2018-09-19T12:43:11Z","2018-09-19T23:53:50Z","2018-09-17T00:00:00Z","215587.2280512257"
"0.32498645","0.77916667","0.31906000","0.58149000","0.48018611","4065","XRP","","6491471.317216","USD","rvYAfWj5gh67oV6fW32ZzP3Aw4Eubs59B","3117114.3349189605","2018-09-20T00:15:00Z","2018-09-22T23:52:31Z","2018-09-20T00:00:00Z","2141332.1965741403"
"0.46203000","0.54347826","0.43297000","0.51924000","0.45125333","614","XRP","","1172668.8955650001","USD","rvYAfWj5gh67oV6fW32ZzP3Aw4Eubs59B","529170.747139546","2018-09-25T06:20:01Z","2018-09-25T23:59:01Z","2018-09-23T00:00:00Z","154402.823792465"
"0.53872000","0.54686000","0.51820143","0.54038912","0.53350805","235","XRP","","922849.674312","USD","rvYAfWj5gh67oV6fW32ZzP3Aw4Eubs59B","492347.7337685787","2018-09-28T00:37:02Z","2018-09-28T23:35:41Z","2018-09-26T00:00:00Z","240742.369600919"
"0.58268500","0.59094726","0.53788000","0.57203779","0.56568078","207","XRP","","113586.09659700001","USD","rvYAfWj5gh67oV6fW32ZzP3Aw4Eubs59B","64253.47147177767","2018-10-01T09:42:20Z","2018-10-01T23:03:31Z","2018-09-29T00:00:00Z","16506.346943641085"
"0.51597791","0.54140000","0.51350000","0.52372922","0.52947007","563","XRP","","2284054.488202","USD","rvYAfWj5gh67oV6fW32ZzP3Aw4Eubs59B","1209338.4902125492","2018-10-03T21:17:31Z","2018-10-04T23:50:40Z","2018-10-02T00:00:00Z","221301.78089403533"
"0.47173680","0.48360099","0.46556380","0.48359716","0.47354540","58","XRP","","28493.851153999996","USD","rvYAfWj5gh67oV6fW32ZzP3Aw4Eubs59B","13493.132241439256","2018-10-07T13:21:10Z","2018-10-07T23:38:32Z","2018-10-05T00:00:00Z","4005.0768710583015"
"0.46335000","0.47197442","0.45581000","0.45759104","0.45827296","93","XRP","","205076.23446100001","USD","rvYAfWj5gh67oV6fW32ZzP3Aw4Eubs59B","93980.89202260402","2018-10-10T15:24:21Z","2018-10-10T23:25:51Z","2018-10-08T00:00:00Z","143751.04318434786"
"0.40854000","0.42990000","0.40150000","0.41235793","0.41084405","292","XRP","","1754845.093715","USD","rvYAfWj5gh67oV6fW32ZzP3Aw4Eubs59B","720967.6588291271","2018-10-13T04:16:11Z","2018-10-13T22:29:42Z","2018-10-11T00:00:00Z","512484.9629956173"
"0.44455000","0.46235252","0.44149038","0.46173000","0.45536006","127","XRP","","117736.901309","USD","rvYAfWj5gh67oV6fW32ZzP3Aw4Eubs59B","53612.68212341949","2018-10-16T11:38:31Z","2018-10-16T23:48:41Z","2018-10-14T00:00:00Z","67614.7046964058"
"0.44782293","0.44860000","0.44559496","0.44559496","0.44699791","3","XRP","","4.248965","USD","rvYAfWj5gh67oV6fW32ZzP3Aw4Eubs59B","1.8992784682824","2018-10-19T13:58:31Z","2018-10-19T15:41:10Z","2018-10-17T00:00:00Z","1.794222914139393"
"0.44736696","0.44926000","0.44236075","0.44926000","0.44845903","9","XRP","","1053.223694","USD","rvYAfWj5gh67oV6fW32ZzP3Aw4Eubs59B","472.32767669080005","2018-10-22T18:41:00Z","2018-10-22T20:08:31Z","2018-10-20T00:00:00Z","29.075293260427756"
"0.45359917","0.45359917","0.45359917","0.45359917","0.45359891","1","XRP","","0.46389","USD","rvYAfWj5gh67oV6fW32ZzP3Aw4Eubs59B","0.21042","2018-10-25T23:19:30Z","2018-10-25T23:19:30Z","2018-10-23T00:00:00Z","0.46389"
"0.45617670","0.45838393","0.45424071","0.45711000","0.45651975","12","XRP","","11761.591499","USD","rvYAfWj5gh67oV6fW32ZzP3Aw4Eubs59B","5369.3987657994885","2018-10-28T23:15:32Z","2018-10-28T23:56:11Z","2018-10-26T00:00:00Z","8500.32109919103"
"0.44738000","0.44808000","0.44738000","0.44807000","0.44788841","3","XRP","","3599.694711","USD","rvYAfWj5gh67oV6fW32ZzP3Aw4Eubs59B","1612.261528762833","2018-10-31T22:02:42Z","2018-10-31T23:25:12Z","2018-10-29T00:00:00Z","3599.694711"
"0.45525000","0.45550000","0.45067000","0.45082791","0.45414020","19","XRP","","5671.172659000001","USD","rvYAfWj5gh67oV6fW32ZzP3Aw4Eubs59B","2575.507512671525","2018-11-03T18:34:22Z","2018-11-03T23:00:02Z","2018-11-01T00:00:00Z","1528.7827430887635"
"0.52810000","0.55942191","0.51971999","0.54484883","0.53473305","348","XRP","","1008019.6141230002","USD","rvYAfWj5gh67oV6fW32ZzP3Aw4Eubs59B","539021.4011315731","2018-11-06T09:00:20Z","2018-11-06T23:53:21Z","2018-11-04T00:00:00Z","149622.07310309613"
"0.49755468","0.49943000","0.49177023","0.49943000","0.49776478","18","XRP","","2781.0838839999997","USD","rvYAfWj5gh67oV6fW32ZzP3Aw4Eubs59B","1384.3256033196326","2018-11-09T21:05:42Z","2018-11-09T23:34:31Z","2018-11-07T00:00:00Z","396.6839263773105"
"0.51193420","0.51480000","0.51193420","0.51308500","0.51377492","3","XRP","","13.405683","USD","rvYAfWj5gh67oV6fW32ZzP3Aw4Eubs59B","6.887503675046","2018-11-12T23:21:02Z","2018-11-12T23:40:02Z","2018-11-10T00:00:00Z","0"
"0.50059000","0.50553000","0.40100000","0.47470000","0.45625495","1621","XRP","","2218883.6720069996","USD","rvYAfWj5gh67oV6fW32ZzP3Aw4Eubs59B","1012376.6490986582","2018-11-13T22:15:22Z","2018-11-15T23:54:11Z","2018-11-13T00:00:00Z","651877.4930041339"
"0.49839000","0.51496000","0.49166000","0.50313000","0.50453255","157","XRP","","105977.40304399999","USD","rvYAfWj5gh67oV6fW32ZzP3Aw4Eubs59B","53469.04990348718","2018-11-18T11:31:52Z","2018-11-18T23:58:51Z","2018-11-16T00:00:00Z","55248.23315875046"
"0.41753679","0.45586000","0.41695000","0.44250738","0.43987039","339","XRP","","1065134.1220939998","USD","rvYAfWj5gh67oV6fW32ZzP3Aw4Eubs59B","468520.9601941788","2018-11-21T03:00:10Z","2018-11-21T23:35:52Z","2018-11-19T00:00:00Z","50000.8570249267"
"0.39651003","0.40813000","0.35534000","0.36332000","0.39081909","575","XRP","","1396012.0579130007","USD","rvYAfWj5gh67oV6fW32ZzP3Aw4Eubs59B","545588.1672787616","2018-11-23T21:46:10Z","2018-11-24T23:46:30Z","2018-11-22T00:00:00Z","485574.0122550324"
"0.34481216","0.36668000","0.31200000","0.35759000","0.33812039","484","XRP","","1171893.8486839999","USD","rvYAfWj5gh67oV6fW32ZzP3Aw4Eubs59B","396241.2071137883","2018-11-27T08:32:51Z","2018-11-27T23:50:32Z","2018-11-25T00:00:00Z","242342.236926034"
"0.35851000","0.36290000","0.35196760","0.35772000","0.35817808","350","XRP","","67082.80779799998","USD","rvYAfWj5gh67oV6fW32ZzP3Aw4Eubs59B","24027.591256982283","2018-11-30T14:25:32Z","2018-11-30T23:25:31Z","2018-11-28T00:00:00Z","1014.7865704144405"
"0.37123100","0.37217000","0.34000000","0.34382000","0.35491381","1263","XRP","","2833793.0199560025","USD","rvYAfWj5gh67oV6fW32ZzP3Aw4Eubs59B","1005752.2879413759","2018-12-01T17:42:30Z","2018-12-03T23:17:50Z","2018-12-01T00:00:00Z","154571.62851640998"
"0.32042320","0.32042320","0.30314380","0.30437104","0.30589150","61","XRP","","71470.283637","USD","rvYAfWj5gh67oV6fW32ZzP3Aw4Eubs59B","21862.15206920051","2018-12-06T22:00:02Z","2018-12-06T23:55:51Z","2018-12-04T00:00:00Z","25443.544058232455"
"0.29776340","0.31712500","0.27723266","0.30606792","0.29548708","1876","XRP","","4599378.413582999","USD","rvYAfWj5gh67oV6fW32ZzP3Aw4Eubs59B","1359056.9030760312","2018-12-07T04:54:12Z","2018-12-09T23:40:41Z","2018-12-07T00:00:00Z","2660831.0921463654"
"0.30553368","0.30553368","0.30448036","0.30553062","0.30552569","3","XRP","","341.61560699999995","USD","rvYAfWj5gh67oV6fW32ZzP3Aw4Eubs59B","104.37234256406069","2018-12-12T17:15:00Z","2018-12-12T17:15:00Z","2018-12-10T00:00:00Z","341.61560699999995"
"0.27721000","0.28211454","0.27720000","0.28138304","0.27905051","26","XRP","","4572.453116000001","USD","rvYAfWj5gh67oV6fW32ZzP3Aw4Eubs59B","1275.9453918356226","2018-12-15T16:40:01Z","2018-12-15T22:42:51Z","2018-12-13T00:00:00Z","1475.4118965428586"
"0.34613000","0.34820716","0.34383024","0.34764000","0.34747836","9","XRP","","2476.6322179999997","USD","rvYAfWj5gh67oV6fW32ZzP3Aw4Eubs59B","860.576102385333","2018-12-18T23:43:52Z","2018-12-18T23:59:22Z","2018-12-16T00:00:00Z","843.9923352760828"
"0.35440143","0.35757000","0.34130000","0.35541000","0.34760044","45","XRP","","102060.68499400001","USD","rvYAfWj5gh67oV6fW32ZzP3Aw4Eubs59B","35476.33946920971","2018-12-21T20:46:32Z","2018-12-21T23:59:00Z","2018-12-19T00:00:00Z","84222.8002911303"
"0.40348238","0.40348238","0.40348238","0.40348238","0.40348238","1","XRP","","1.769596","USD","rvYAfWj5gh67oV6fW32ZzP3Aw4Eubs59B","0.7140008","2018-12-24T23:57:52Z","2018-12-24T23:57:52Z","2018-12-22T00:00:00Z","1.769596"
"0.34437000","0.34660000","0.33031700","0.33661664","0.34134475","79","XRP","","220216.73452700005","USD","rvYAfWj5gh67oV6fW32ZzP3Aw4Eubs59B","75169.82569827707","2018-12-27T19:32:22Z","2018-12-27T23:47:11Z","2018-12-25T00:00:00Z","206860.46800866595"
"0.36425004","0.36425004","0.36425004","0.36425004","0.36425003","1","XRP","","14.527706","USD","rvYAfWj5gh67oV6fW32ZzP3Aw4Eubs59B","5.2917173712605","2018-12-30T23:54:52Z","2018-12-30T23:54:52Z","2018-12-28T00:00:00Z","14.527706000000002"
"0.35024501","0.37607866","0.34834000","0.37105000","0.37042051","40","XRP","","11943.839313","USD","rvYAfWj5gh67oV6fW32ZzP3Aw4Eubs59B","4424.2430431438","2019-01-01T09:00:21Z","2019-01-02T23:52:01Z","2018-12-31T00:00:00Z","4424.126445212104"
"0.34852000","0.35321000","0.34790139","0.34904000","0.35299793","9","XRP","","2923.979182","USD","rvYAfWj5gh67oV6fW32ZzP3Aw4Eubs59B","1032.1586059800047","2019-01-05T23:00:02Z","2019-01-05T23:40:01Z","2019-01-03T00:00:00Z","17.254630803369505"
"0.36183637","0.36470000","0.35868356","0.36367998","0.36342736","15","XRP","","7236.029526","USD","rvYAfWj5gh67oV6fW32ZzP3Aw4Eubs59B","2629.77109955327","2019-01-08T18:05:41Z","2019-01-08T20:50:21Z","2019-01-06T00:00:00Z","5.69139485332957"
"0.32592863","0.32695003","0.32425840","0.32695003","0.32682642","9","XRP","","1886.259982","USD","rvYAfWj5gh67oV6fW32ZzP3Aw4Eubs59B","616.4795896603539","2019-01-11T23:20:02Z","2019-01-11T23:58:50Z","2019-01-09T00:00:00Z","4.022603545573642"
"0.32241551","0.34414000","0.32241228","0.33485309","0.33332854","71","XRP","","113728.10479200001","USD","rvYAfWj5gh67oV6fW32ZzP3Aw4Eubs59B","37908.82337864278","2019-01-14T15:34:22Z","2019-01-14T15:49:21Z","2019-01-12T00:00:00Z","20336.33431035681"
"0.32609070","0.32609070","0.32609070","0.32609070","0.32609052","1","XRP","","0.391282","USD","rvYAfWj5gh67oV6fW32ZzP3Aw4Eubs59B","0.127593350598","2019-01-17T23:26:50Z","2019-01-17T23:26:50Z","2019-01-15T00:00:00Z","0.391282"
"0.31275313","0.31601684","0.31275313","0.31587684","0.31483118","7","XRP","","957.004145","USD","rvYAfWj5gh67oV6fW32ZzP3Aw4Eubs59B","301.2947459691085","2019-01-20T15:00:01Z","2019-01-20T16:14:22Z","2019-01-18T00:00:00Z","0.9505595928516631"
"0.31266000","0.31291309","0.31266000","0.31291309","0.31272190","2","XRP","","8986.205756","USD","rvYAfWj5gh67oV6fW32ZzP3Aw4Eubs59B","2810.18329501771","2019-01-23T23:15:12Z","2019-01-23T23:15:12Z","2019-01-21T00:00:00Z","8986.205755999998"
"0.31225687","0.31767000","0.31063000","0.31063311","0.31381013","198","XRP","","215066.871531","USD","rvYAfWj5gh67oV6fW32ZzP3Aw4Eubs59B","67490.16216733355","2019-01-24T00:00:02Z","2019-01-26T23:00:02Z","2019-01-24T00:00:00Z","35552.01801342552"
"0.31063000","0.31063311","0.28000000","0.28826000","0.29289312","611","XRP","","421512.788126","USD","rvYAfWj5gh67oV6fW32ZzP3Aw4Eubs59B","123458.19493570109","2019-01-27T00:29:21Z","2019-01-29T21:20:02Z","2019-01-27T00:00:00Z","262893.8345134851"
"0.28706000","0.33192304","0.28362284","0.30448001","0.30631161","452","XRP","","326342.36554500007","USD","rvYAfWj5gh67oV6fW32ZzP3Aw4Eubs59B","99962.45586146039","2019-01-30T00:03:42Z","2019-02-01T23:58:11Z","2019-01-30T00:00:00Z","103357.44900824776"
"0.30448001","0.30958756","0.29361005","0.29553000","0.30144295","177","XRP","","122381.867819","USD","rvYAfWj5gh67oV6fW32ZzP3Aw4Eubs59B","36891.15125181874","2019-02-02T00:00:10Z","2019-02-04T23:50:10Z","2019-02-02T00:00:00Z","45104.79418118868"
"0.29471490","0.29598000","0.28500000","0.28720290","0.29255800","262","XRP","","214318.901122","USD","rvYAfWj5gh67oV6fW32ZzP3Aw4Eubs59B","62700.70825193538","2019-02-05T00:00:01Z","2019-02-07T18:02:20Z","2019-02-05T00:00:00Z","72049.50623725393"
"0.28817000","0.32002303","0.28720677","0.30355000","0.30699716","195","XRP","","102237.67948400001","USD","rvYAfWj5gh67oV6fW32ZzP3Aw4Eubs59B","31386.676806881645","2019-02-08T02:37:51Z","2019-02-10T23:46:00Z","2019-02-08T00:00:00Z","52566.693064873674"
"0.30300000","0.30655758","0.29542175","0.29955090","0.30013309","214","XRP","","140197.560068","USD","rvYAfWj5gh67oV6fW32ZzP3Aw4Eubs59B","42077.9269705866","2019-02-11T00:19:02Z","2019-02-13T23:00:01Z","2019-02-11T00:00:00Z","15824.696851016888"
"0.30025060","0.30326000","0.29563550","0.29649280","0.30024048","114","XRP","","115707.523896","USD","rvYAfWj5gh67oV6fW32ZzP3Aw4Eubs59B","34740.08220701564","2019-02-14T01:02:11Z","2019-02-15T17:33:10Z","2019-02-14T00:00:00Z","35410.76716654249"
"0.29898997","0.34134538","0.29474295","0.32011130","0.32049236","722","XRP","","797561.653284","USD","rvYAfWj5gh67oV6fW32ZzP3Aw4Eubs59B","255612.419004854","2019-02-17T02:38:42Z","2019-02-19T23:26:52Z","2019-02-17T00:00:00Z","413251.07546790637"
"0.31998701","0.33073440","0.31202000","0.32187000","0.32087182","233","XRP","","235586.563065","USD","rvYAfWj5gh67oV6fW32ZzP3Aw4Eubs59B","75593.08974013843","2019-02-20T00:00:02Z","2019-02-22T13:58:40Z","2019-02-20T00:00:00Z","144447.06104985203"
"0.31877681","0.34062000","0.29390850","0.32228005","0.31492992","642","XRP","","664454.323972","USD","rvYAfWj5gh67oV6fW32ZzP3Aw4Eubs59B","209256.5451861443","2019-02-23T04:52:20Z","2019-02-25T23:54:00Z","2019-02-23T00:00:00Z","402373.74134855013"
"0.32308096","0.32956863","0.30288000","0.30937000","0.31490427","261","XRP","","151420.63636400003","USD","rvYAfWj5gh67oV6fW32ZzP3Aw4Eubs59B","47683.00485491712","2019-02-26T00:08:52Z","2019-02-28T23:00:02Z","2019-02-26T00:00:00Z","77542.4959710276"
"0.31122000","0.32200000","0.30657000","0.31114689","0.31775677","170","XRP","","355291.0257069998","USD","rvYAfWj5gh67oV6fW32ZzP3Aw4Eubs59B","112896.12712404979","2019-03-01T00:39:51Z","2019-03-03T16:46:10Z","2019-03-01T00:00:00Z","165468.96279185466"
"0.31151000","0.31483190","0.29808000","0.31177000","0.30656665","174","XRP","","101731.875045","USD","rvYAfWj5gh67oV6fW32ZzP3Aw4Eubs59B","31187.600266046895","2019-03-04T00:59:00Z","2019-03-06T00:35:00Z","2019-03-04T00:00:00Z","44498.63612017653"